"Date","601117.SS.Open","601117.SS.High","601117.SS.Low","601117.SS.Close","601117.SS.Volume","601117.SS.Adjusted"
2010-01-07,5.55965217391304,5.65617391304348,5.45347826086957,5.55,570082000,5.55
2010-01-08,5.40931899641577,5.41897849462366,5.31272401433692,5.39,244080300,5.39
2010-01-11,5.4648275862069,5.4648275862069,5.27172413793104,5.32,150425300,5.32
2010-01-12,5.31205035971223,5.3796582733813,5.28307553956835,5.37,98200700,5.37
2010-01-13,5.28860294117647,5.31755514705882,5.24034926470588,5.25,104567700,5.25
2010-01-14,5.27138181818182,5.34861818181818,5.24241818181818,5.31,76407600,5.31
2010-01-15,5.29,5.29965328467153,5.25138686131387,5.29,48826200,5.29
2010-01-18,5.27965201465201,5.27965201465201,5.25069597069597,5.27,50870900,5.27
2010-01-19,5.26138433515483,5.3,5.25173041894353,5.3,57925800,5.3
2010-01-20,5.29528089887641,5.29528089887641,5.15033707865169,5.16,81217200,5.16
2010-01-21,5.17,5.19899065420561,5.14100934579439,5.17,55066200,5.17
2010-01-22,5.13725190839695,5.13725190839695,4.98274809160305,5.06,57443800,5.06
2010-01-25,5.01034615384615,5.06826923076923,4.98138461538461,5.02,22097900,5.02
2010-01-26,5.02632612966601,5.06499017681729,4.88133595284872,4.92,33153400,4.92
2010-01-27,4.91346820809248,5.05826589595376,4.87485549132948,5.01,47593500,5.01
2010-01-28,5.03,5.07827255278311,4.99138195777351,5.03,65444000,5.03
2010-01-29,5.02825581395349,5.04755813953488,4.95104651162791,4.98,51512700,4.98
2010-02-01,4.98034816247582,4.99965183752418,4.92243713733075,4.99,33732100,4.99
2010-02-02,4.97929961089494,5.0275486381323,4.95035019455253,4.96,52005400,4.96
2010-02-03,4.9693359375,4.988671875,4.82431640625,4.95,55013400,4.95
2010-02-04,4.94033203125,5.05634765625,4.88232421875,4.95,74801800,4.95
2010-02-05,4.91831349206349,4.91831349206349,4.8410119047619,4.87,39210500,4.87
2010-02-08,4.88,4.89932673267327,4.86067326732673,4.88,13584800,4.88
2010-02-09,4.87133858267717,4.95832677165354,4.85200787401575,4.91,27577700,4.91
2010-02-10,4.93966666666667,4.94933333333333,4.89133333333333,4.93,36784000,4.93
2010-02-11,4.93,4.94933333333333,4.92033333333333,4.93,36283600,4.93
2010-02-12,4.93033268101761,4.94966731898239,4.91099804305284,4.94,31211800,4.94
2010-02-15,4.93033268101761,4.94966731898239,4.91099804305284,4.94,31211800,4.94
2010-02-16,4.93033268101761,4.94966731898239,4.91099804305284,4.94,31211800,4.94
2010-02-17,4.93033268101761,4.94966731898239,4.91099804305284,4.94,31211800,4.94
2010-02-18,4.93033268101761,4.94966731898239,4.91099804305284,4.94,31211800,4.94
2010-02-22,4.92865612648221,4.93832015810277,4.88033596837945,4.89,17686800,4.89
2010-02-23,4.879324055666,4.89864811133201,4.83101391650099,4.86,19698800,4.86
2010-02-24,4.843,4.93,4.83333333333333,4.93,22346500,4.93
2010-02-25,4.93099415204678,4.99867446393762,4.91165692007797,4.96,46032700,4.96
2010-02-26,4.93899606299213,4.94866141732283,4.90033464566929,4.91,22182100,4.91
2010-03-01,4.91099804305284,4.94966731898239,4.90133072407045,4.94,20022300,4.94
2010-03-02,4.93865877712032,4.94832347140039,4.88067061143984,4.9,20411700,4.9
2010-03-03,4.90166015625,4.95,4.88232421875,4.95,28085300,4.95
2010-03-04,4.93695219123506,4.94661354581673,4.84033864541833,4.85,33196400,4.85
2010-03-05,4.8506746031746,4.8796626984127,4.8410119047619,4.87,16203500,4.87
2010-03-08,4.8796626984127,4.8796626984127,4.8506746031746,4.87,13473800,4.87
2010-03-09,4.8603373015873,4.8893253968254,4.82168650793651,4.87,17461800,4.87
2010-03-10,4.87898406374502,4.87898406374502,4.83067729083665,4.85,14480500,4.85
2010-03-11,4.84,4.85932135728543,4.82067864271457,4.84,14462200,4.84
2010-03-12,4.83793939393939,4.84759595959596,4.77034343434343,4.78,22827400,4.78
2010-03-15,4.7786150712831,4.79792260692464,4.72069246435845,4.74,17439300,4.74
2010-03-16,4.72965235173824,4.74895705521472,4.68139059304703,4.72,13257200,4.72
2010-03-17,4.72206060606061,4.78,4.70274747474747,4.78,16875600,4.78
2010-03-18,4.7786150712831,4.7786150712831,4.73034623217923,4.74,12027700,4.74
2010-03-19,4.74068965517241,4.77931034482759,4.71172413793103,4.76,13134200,4.76
2010-03-22,4.78068410462777,4.81931589537223,4.76136820925553,4.8,16609900,4.8
2010-03-23,4.79862068965517,4.79862068965517,4.75034482758621,4.76,10797500,4.76
2010-03-24,4.76170682730924,4.84863453815261,4.76170682730924,4.81,23520000,4.81
2010-03-25,4.79757142857143,4.79757142857143,4.72034693877551,4.73,16621900,4.73
2010-03-26,4.73137651821862,4.78931174089069,4.72172064777328,4.77,11708100,4.77
2010-03-29,4.79466666666667,5.017,4.76566666666667,4.93,78826300,4.93
2010-03-30,4.88033596837945,4.90932806324111,4.86100790513834,4.89,29386900,4.89
2010-03-31,4.8893253968254,4.8989880952381,4.8506746031746,4.87,18102900,4.87
2010-04-01,4.87349514563107,5.01825242718447,4.85419417475728,4.97,70548000,4.97
2010-04-02,5.0024,5.11828571428571,4.98308571428572,5.07,95364100,5.07
2010-04-06,5.11828571428571,5.1376,5.03137142857143,5.07,53746600,5.07
2010-04-07,5.01930501930502,5.06756756756757,4.97104247104247,5,84217100,5
2010-04-08,4.9606976744186,5.05720930232558,4.95104651162791,4.98,33953200,4.98
2010-04-09,4.98034816247582,4.99965183752418,4.95139264990329,4.99,23729100,4.99
2010-04-12,4.99698818897638,5.0163188976378,4.89066929133858,4.91,39078100,4.91
2010-04-13,4.89245136186771,5.00824902723735,4.88280155642023,4.96,36069000,4.96
2010-04-14,4.96866666666667,4.97833333333333,4.89133333333333,4.93,25553700,4.93
2010-04-15,4.91865346534653,4.9379801980198,4.84134653465347,4.88,26357500,4.88
2010-04-16,4.8783,4.8783,4.82034,4.83,21522700,4.83
2010-04-19,4.79615226337449,4.79615226337449,4.68034979423868,4.69,29448900,4.69
2010-04-20,4.69069672131148,4.72930327868853,4.64243852459016,4.71,17794400,4.71
2010-04-21,4.70172764227642,4.75965447154472,4.67276422764228,4.75,17763100,4.75
2010-04-22,4.72824742268041,4.73789690721649,4.66070103092783,4.68,20112800,4.68
2010-04-23,4.71069387755102,4.74930612244898,4.6334693877551,4.73,31288500,4.73
2010-04-26,4.72834710743802,4.73801652892562,4.66066115702479,4.68,13216000,4.68
2010-04-27,4.67274298056156,4.67274298056156,4.42172786177106,4.47,33913200,4.47
2010-04-28,4.439651416122,4.47825708061002,4.41069716775599,4.43,20022000,4.43
2010-04-29,4.44789010989011,4.47683516483516,4.38035164835165,4.39,15191400,4.39
2010-04-30,4.40173535791757,4.45,4.33416485900217,4.45,19026800,4.45
2010-05-04,4.39933774834437,4.43801324503311,4.35099337748344,4.38,12216900,4.38
2010-05-05,4.34810126582278,4.60898734177215,4.30945147679325,4.58,38913800,4.58
2010-05-06,4.51542857142857,4.56367032967033,4.3707032967033,4.39,21886400,4.39
2010-05-07,4.35066371681416,4.47634955752212,4.30232300884956,4.37,17823700,4.37
2010-05-10,4.3634632034632,4.52757575757576,4.3634632034632,4.46,20733100,4.46
2010-05-11,4.54581699346405,4.56511982570806,4.40104575163399,4.43,24812500,4.43
2010-05-12,4.43240343347639,4.52896995708155,4.39377682403433,4.5,24567800,4.5
2010-05-13,4.48136752136752,4.52,4.4234188034188,4.52,21262800,4.52
2010-05-14,4.48826086956522,4.49791304347826,4.41104347826087,4.44,17721100,4.44
2010-05-17,4.37450800915332,4.40347826086956,4.21034324942792,4.22,21154100,4.22
2010-05-18,4.23,4.25897260273973,4.09479452054795,4.23,19078200,4.23
2010-05-19,4.17965277777778,4.27618055555555,4.11208333333333,4.17,12255300,4.17
2010-05-20,4.17,4.17,4.17,4.17,0,4.17
2010-05-21,4.01352112676056,4.11964788732394,3.98457746478873,4.11,20931400,4.11
2010-05-24,4.1141095890411,4.24931506849315,4.10445205479452,4.23,22274400,4.23
2010-05-25,4.20670588235294,4.20670588235294,4.09065882352941,4.11,14451800,4.11
2010-05-26,4.13034965034965,4.18825174825175,4.09174825174825,4.14,12449300,4.14
2010-05-27,4.14308219178082,4.32657534246575,4.06582191780822,4.23,27147300,4.23
2010-05-28,4.22965675057208,4.27794050343249,4.19102974828375,4.22,17921900,4.22
2010-05-31,4.2063679245283,4.23537735849056,4.09033018867925,4.1,12728500,4.1
2010-06-01,4.08832535885168,4.09799043062201,4.00133971291866,4.04,16632200,4.04
2010-06-02,4.01067146282974,4.03966426858513,3.95268585131894,4.03,19283100,4.03
2010-06-03,4.04830917874396,4.09661835748792,4,4,14694300,4
2010-06-04,3.97101449275362,4.00966183574879,3.96135265700483,4,9211600,4
2010-06-07,3.9310243902439,3.97931707317073,3.92136585365854,3.96,9107200,3.96
2010-06-08,3.96034063260341,3.98931873479319,3.94102189781022,3.97,7687000,3.97
2010-06-09,3.99266033254157,4.09900237529691,3.97332541567696,4.07,19338900,4.07
2010-06-10,4.02898550724638,4.04830917874396,3.99033816425121,4,14728600,4
2010-06-11,4.03898795180723,4.03898795180723,3.99067469879518,4.01,12816900,4.01
2010-06-17,4.02898550724638,4.04830917874396,4,4,8611800,4
2010-06-18,3.99724137931034,4.00689655172414,3.91034482758621,3.92,12295100,3.92
2010-06-21,3.95301435406699,4.04966507177034,3.91435406698565,4.04,17669300,4.04
2010-06-22,4.02033573141487,4.0589928057554,4.0010071942446,4.03,13407700,4.03
2010-06-23,4.00863746958638,4.03761557177616,3.96034063260341,3.97,10475700,3.97
2010-06-24,3.97862745098039,4.00759803921569,3.9206862745098,3.94,19935600,3.94
2010-06-25,3.92034398034398,3.93965601965602,3.86240786240786,3.93,21639900,3.93
2010-06-28,3.92,3.93931034482759,3.88137931034483,3.92,8067800,3.92
2010-06-29,3.92637974683544,3.98440506329114,3.82,3.82,24738100,3.82
2010-06-30,3.78033163265306,3.86734693877551,3.72232142857143,3.79,24247400,3.79
2010-07-01,3.8006582278481,3.86835443037975,3.7813164556962,3.82,12908700,3.82
2010-07-02,3.81243781094527,3.88,3.78348258706468,3.88,20738700,3.88
2010-07-05,3.84868020304569,3.84868020304569,3.79065989847716,3.81,12701500,3.81
2010-07-06,3.81140350877193,3.85964912280702,3.80175438596491,3.85,10052600,3.85
2010-07-07,3.85,3.85964912280702,3.81140350877193,3.85,8846300,3.85
2010-07-08,3.85964912280702,3.87894736842105,3.82105263157895,3.85,8940600,3.85
2010-07-09,3.86240786240786,3.95896805896806,3.82378378378378,3.93,27324700,3.93
2010-07-12,3.9206862745098,3.96897058823529,3.89171568627451,3.94,19052100,3.94
2010-07-13,3.92102689486553,4.00794621026895,3.92102689486553,3.95,20969700,3.95
2010-07-14,3.95068126520681,3.99897810218978,3.93136253041363,3.97,17153000,3.97
2010-07-15,3.93826302729529,3.97687344913151,3.88034739454094,3.89,11385000,3.89
2010-07-16,3.87965087281796,3.87965087281796,3.81209476309227,3.87,10348700,3.87
2010-07-19,3.83377450980392,3.9496568627451,3.81446078431373,3.94,11822400,3.94
2010-07-20,3.94202898550725,4.00966183574879,3.92270531400966,4,24544900,4
2010-07-21,3.99,4.04796610169492,3.98033898305085,3.99,23725200,3.99
2010-07-22,3.98134615384615,4.03932692307692,3.97168269230769,4.02,18851100,4.02
2010-07-23,4.02033573141487,4.04932853717026,3.99134292565947,4.03,22349900,4.03
2010-07-26,4.03033492822967,4.05933014354067,4.011004784689,4.04,19421500,4.04
2010-07-27,4.04099762470309,4.09900237529691,4.01199524940618,4.07,30235900,4.07
2010-07-28,4.05450346420323,4.18965357967667,4.03519630484988,4.18,44272700,4.18
2010-07-29,4.18,4.2186143187067,4.13173210161663,4.18,36611400,4.18
2010-07-30,4.1786013986014,4.18825174825175,4.11104895104895,4.14,15127300,4.14
2010-08-02,4.14539325842697,4.33865168539326,4.13573033707865,4.3,36555400,4.3
2010-08-03,4.28794520547945,4.28794520547945,4.17205479452055,4.23,26422900,4.23
2010-08-04,4.18137299771167,4.30691075514874,4.13308924485126,4.22,16764500,4.22
2010-08-05,4.22756380510441,4.22756380510441,4.16,4.16,13722000,4.16
2010-08-06,4.15069444444444,4.20861111111111,4.10243055555556,4.17,28214500,4.17
2010-08-09,4.17965277777778,4.19895833333333,4.16034722222222,4.17,21794000,4.17
2010-08-10,4.18600950118765,4.19567695961995,4.07,4.07,23490100,4.07
2010-08-11,4.0703317535545,4.10900473933649,4.02199052132702,4.08,16588300,4.08
2010-08-12,4.03864734299517,4.07729468599034,3.98067632850242,4,13965200,4
2010-08-13,3.99167464114833,4.04,3.97234449760766,4.04,17602600,4.04
2010-08-16,4.02296470588235,4.11967058823529,4.01329411764706,4.11,33437400,4.11
2010-08-17,4.10035211267606,4.12929577464789,4.07140845070423,4.11,20692600,4.11
2010-08-18,4.12834123222749,4.12834123222749,4.06066350710901,4.08,18090500,4.08
2010-08-19,4.07210280373832,4.14929906542056,4.06245327102804,4.13,24702300,4.13
2010-08-20,4.10765550239234,4.12698564593301,4.03033492822967,4.04,17608800,4.04
2010-08-23,4.03932692307692,4.05865384615385,4.00067307692308,4.02,14622200,4.02
2010-08-24,4.011004784689,4.05933014354067,3.98200956937799,4.04,11452600,4.04
2010-08-25,4.00724815724816,4.01690417690418,3.92034398034398,3.93,15497700,3.93
2010-08-26,3.95,3.97897310513447,3.93068459657702,3.95,8095600,3.95
2010-08-27,3.95101941747573,3.98966019417476,3.94135922330097,3.98,7587600,3.98
2010-08-30,3.99100961538461,4.02966346153846,3.96201923076923,4.02,11511600,4.02
2010-08-31,4.00829268292683,4.00829268292683,3.95034146341463,3.96,10959600,3.96
2010-09-01,3.96,4.00829268292683,3.9310243902439,3.96,14090000,3.96
2010-09-02,3.99134292565947,4.03,3.96235011990408,4.03,20535300,4.03
2010-09-03,4.02296470588235,4.12934117647059,4.01329411764706,4.11,37466700,4.11
2010-09-06,4.11984615384615,4.49613186813187,4.10054945054945,4.39,128536900,4.39
2010-09-07,4.36066225165563,4.43801324503311,4.30264900662252,4.38,47993100,4.38
2010-09-08,4.39964835164835,4.42859340659341,4.32246153846154,4.39,33715200,4.39
2010-09-09,4.37521640091116,4.44282460136674,4.21102505694761,4.24,34179400,4.24
2010-09-10,4.24202247191011,4.35797752808989,4.21303370786517,4.3,34054300,4.3
2010-09-13,4.33899103139013,4.37764573991031,4.24235426008969,4.31,38263900,4.31
2010-09-14,4.29829545454545,4.39488636363636,4.23068181818182,4.25,34144300,4.25
2010-09-15,4.22861751152074,4.29619815668203,4.17069124423963,4.19,19391300,4.19
2010-09-16,4.20465393794749,4.24331742243437,4.02100238663484,4.05,26147100,4.05
2010-09-17,4.08033096926714,4.1383451536643,4.05132387706856,4.09,15808800,4.09
2010-09-20,4.12343249427918,4.32622425629291,4.09446224256293,4.22,28624000,4.22
2010-09-21,4.22034246575343,4.25897260273973,4.17205479452055,4.23,12835000,4.23
2010-09-27,4.2303416856492,4.27863325740319,4.19170842824601,4.24,13804800,4.24
2010-09-28,4.24651162790698,4.24651162790698,4.11139534883721,4.15,13350200,4.15
2010-09-29,4.13048034934498,4.42965065502183,4.13048034934498,4.42,76390200,4.42
2010-09-30,4.40894409937888,4.80536231884058,4.37026915113872,4.67,126095700,4.67
2010-10-08,4.7872131147541,4.84512295081967,4.67139344262295,4.71,83908100,4.71
2010-10-11,4.69541832669323,4.9949203187251,4.69541832669323,4.85,95875100,4.85
2010-10-12,4.83590733590734,5.05791505791506,4.77799227799228,5,75503900,5
2010-10-13,4.97933723196881,5.02768031189084,4.87298245614035,4.96,47374800,4.96
2010-10-14,5.03633333333333,5.075,4.89133333333333,4.93,47917700,4.93
2010-10-15,4.93345489443378,5.03965451055662,4.86587332053743,5.03,73148000,5.03
2010-10-18,5.05600782778865,5.19135029354207,4.93033268101761,4.94,69433800,4.94
2010-10-19,4.90415384615385,5.02965384615385,4.84623076923077,5.02,57241500,5.02
2010-10-20,4.88166666666667,5.017,4.88166666666667,4.93,38548500,4.93
2010-10-21,4.92625250501002,5.03250501002004,4.70408817635271,4.82,64232500,4.82
2010-10-22,4.7786150712831,4.79792260692464,4.68207739307536,4.74,37722200,4.74
2010-10-25,4.73634577603143,4.95866404715128,4.73634577603143,4.92,47806800,4.92
2010-10-26,4.93763888888889,4.99561507936508,4.82168650793651,4.87,43422200,4.87
2010-10-27,4.82862903225806,4.89622983870968,4.78034274193548,4.79,28007000,4.79
2010-10-28,4.77270916334661,4.85966135458167,4.77270916334661,4.85,17861800,4.85
2010-10-29,4.77170340681363,4.8586372745491,4.77170340681363,4.82,20000700,4.82
2010-11-01,4.82758620689655,5.05931034482759,4.82758620689655,5.04,61124400,5.04
2010-11-02,5.01789883268483,5.09509727626459,4.94070038910506,4.96,43145300,4.96
2010-11-03,4.93033268101761,4.99800391389433,4.91099804305284,4.94,25166100,4.94
2010-11-04,4.95836431226766,5.21933085501859,4.93903345724907,5.2,91174600,5.2
2010-11-05,5.21345454545455,5.42585454545454,5.19414545454545,5.31,135145100,5.31
2010-11-08,5.30505319148936,5.4886524822695,5.30505319148936,5.45,80855400,5.45
2010-11-09,5.42478976234004,5.42478976234004,5.24138939670932,5.28,56615900,5.28
2010-11-10,5.25069597069597,5.37617216117216,5.19278388278388,5.27,34899300,5.27
2010-11-11,5.25138686131387,5.40583941605839,5.22242700729927,5.29,37849000,5.29
2010-11-12,5.23019455252918,5.33634241245136,4.94070038910506,4.96,51801200,4.96
2010-11-15,4.99507518796992,5.17864661654135,4.96609022556391,5.14,36889700,5.14
2010-11-16,5.11399260628466,5.42334565619224,5.05598890942699,5.23,61978100,5.23
2010-11-17,5.24058139534884,5.29848837209302,4.93174418604651,4.98,49915800,4.98
2010-11-18,5.01860465116279,5.08616279069767,4.88348837209302,4.98,26662900,4.98
2010-11-19,4.99974358974359,5.27965201465201,4.92252747252747,5.27,57436700,5.27
2010-11-22,5.24410810810811,5.40828828828829,5.18616216216216,5.36,59591000,5.36
2010-11-23,5.35034234234234,5.40828828828829,5.11855855855856,5.36,52392600,5.36
2010-11-24,5.31405693950178,5.46864768683274,5.27540925266904,5.43,47064800,5.43
2010-11-25,5.40828828828829,5.46623423423423,5.30205405405405,5.36,39732000,5.36
2010-11-26,5.33861566484517,5.36757741347905,5.23242258652095,5.3,32766400,5.3
2010-11-29,5.30802792321117,5.54930191972077,5.22116928446771,5.53,77461900,5.53
2010-11-30,5.50695187165775,5.56491978609626,5.22677361853832,5.42,51323400,5.42
2010-12-01,5.38931654676259,5.46658273381295,5.35068345323741,5.37,23474500,5.37
2010-12-02,5.4386404293381,5.47728085867621,5.35169946332737,5.4,26184700,5.4
2010-12-03,5.3879347826087,5.44586956521739,5.26240942028986,5.33,22557700,5.33
2010-12-06,5.35615808823529,5.37545955882353,5.20174632352941,5.25,26637600,5.25
2010-12-07,5.2193661971831,5.50933098591549,5.19036971830986,5.49,41462900,5.49
2010-12-08,5.48932862190813,5.70194346289753,5.45067137809187,5.47,70255900,5.47
2010-12-09,5.46966371681416,5.65327433628318,5.35369911504425,5.46,50679200,5.46
2010-12-10,5.42460264900662,5.88791390728477,5.39564569536424,5.83,94330600,5.83
2010-12-13,5.84905063291139,6.12895569620253,5.79113924050633,6.1,95651200,6.1
2010-12-14,6.08966613672496,6.14766295707472,5.97367249602544,6.08,44064500,6.08
2010-12-15,6.07416666666667,6.08382352941176,5.9003431372549,5.91,33578300,5.91
2010-12-16,5.88930921052632,5.99550986842105,5.78310855263158,5.87,36002500,5.87
2010-12-17,5.87306320907618,6.01795786061588,5.81510534846029,5.96,26835100,5.96
2010-12-20,5.97584843492587,6.0337726523888,5.69588138385503,5.86,47984200,5.86
2010-12-21,5.86137479541735,5.94828150572831,5.84206219312602,5.9,22153600,5.9
2010-12-22,5.89686046511628,5.92581395348837,5.74244186046512,5.81,22745700,5.81
2010-12-23,5.84663865546218,5.87563025210084,5.72100840336134,5.75,16470000,5.75
2010-12-24,5.70298769771529,5.8286467486819,5.47100175746924,5.5,45877600,5.5
2010-12-27,5.49555755395684,5.60179856115108,5.29273381294964,5.37,45563400,5.37
2010-12-28,5.32633333333333,5.365,5.20066666666667,5.22,29547400,5.22
2010-12-29,5.18682226211849,5.40897666068223,5.17716337522442,5.38,21144300,5.38
2010-12-30,5.36303191489362,5.45966312056738,5.22774822695036,5.45,23353200,5.45
2010-12-31,5.42553633217993,5.59930795847751,5.31934256055363,5.58,36630600,5.58
2011-01-04,5.51242214532872,5.64757785467128,5.46415224913495,5.58,45775200,5.58
2011-01-05,5.58665492957747,5.65431338028169,5.47066901408451,5.49,30152300,5.49
2011-01-06,5.48659498207885,5.54455197132616,5.34170250896057,5.39,19704500,5.39
2011-01-07,5.42033807829181,5.56526690391459,5.37202846975089,5.43,23821400,5.43
2011-01-10,5.43691335740072,5.47554151624549,5.34034296028881,5.35,16079900,5.35
2011-01-11,5.34756855575868,5.39583180987203,5.22208409506399,5.28,21314600,5.28
2011-01-12,5.27560975609756,5.33358348968105,5.09202626641651,5.15,33660600,5.15
2011-01-13,5.15829867674858,5.17761814744802,5.07136105860113,5.11,22967600,5.11
2011-01-14,5.14725714285714,5.2052,5.02171428571429,5.07,30528200,5.07
2011-01-17,5.02961303462322,5.08753564154786,4.63380855397149,4.74,56267400,4.74
2011-01-18,4.70943689320388,4.97965048543689,4.6804854368932,4.97,49159600,4.97
2011-01-19,5.00273764258555,5.13794676806084,4.97376425855513,5.08,50213300,5.08
2011-01-20,5.07792307692308,5.26134615384615,4.98138461538461,5.02,60031600,5.02
2011-01-21,5.10461538461539,5.53,5.09494755244755,5.53,148460900,5.53
2011-01-24,5.56507614213198,5.97086294416244,5.50710659898477,5.71,166438100,5.71
2011-01-25,5.65102040816326,5.80557823129252,5.55442176870748,5.68,56431200,5.68
2011-01-26,5.65532445923461,5.87767054908486,5.63599001663894,5.81,59793900,5.81
2011-01-27,5.73331316187595,6.38,5.71400907715582,6.38,125820100,6.38
2011-01-28,6.39240657698057,6.59518684603886,6.31515695067265,6.46,115244500,6.46
2011-01-31,6.41266761768902,6.81828815977175,6.41266761768902,6.77,99854300,6.77
2011-02-01,6.77565406976744,6.78531976744186,6.50501453488372,6.65,61967200,6.65
2011-02-09,6.59380403458213,6.91239193083574,6.59380403458213,6.7,62432500,6.7
2011-02-10,6.60447632711621,6.80724533715925,6.50791965566715,6.73,61063300,6.73
2011-02-11,6.66034732272069,6.74722141823444,6.52520984081042,6.67,70315700,6.67
2011-02-14,6.60208695652174,6.9495652173913,6.5924347826087,6.66,125326800,6.66
2011-02-15,6.6640218878249,7.17589603283174,6.5288098495212,7.06,118922900,7.06
2011-02-16,6.96206327372765,7.16484181568088,6.94275103163686,7.02,63686000,7.02
2011-02-17,7.03372124492558,7.25594046008119,6.89845737483085,7.14,71689600,7.14
2011-02-18,7.07303643724696,7.31460188933873,6.93775978407557,7.16,53398300,7.16
2011-02-21,7.12381842456609,7.26861148197597,6.97902536715621,7.23,34732800,7.23
2011-02-22,7.19138851802403,7.75125500667557,7.15277703604806,7.23,96319100,7.23
2011-02-23,7.20038659793815,7.51932989690722,7.05541237113402,7.5,69326100,7.5
2011-02-24,7.58863131935882,8.24515413070284,7.58863131935882,7.83,117503300,7.83
2011-02-25,7.86596009975062,7.96259351620948,7.61471321695761,7.75,58814200,7.75
2011-02-28,7.75603529411765,8.23897647058824,7.58217647058824,8.21,57702300,8.21
2011-03-01,8.23445639187575,8.36960573476703,7.98346475507766,8.08,60889000,8.08
2011-03-02,8.0920981595092,8.0920981595092,7.58996319018405,7.87,54297800,7.87
2011-03-03,7.92275682704811,8.05802340702211,7.40101430429129,7.43,75208800,7.43
2011-03-04,7.42380769230769,7.64584615384615,7.38519230769231,7.53,43356000,7.53
2011-03-07,7.52720481927711,8.02966265060241,7.50787951807229,8.02,77227900,8.02
2011-03-08,8.00519018404908,8.00519018404908,7.7541226993865,7.87,38900900,7.87
2011-03-09,7.85765508684864,7.90598014888337,7.71267990074442,7.79,39564000,7.79
2011-03-10,7.75207663782447,7.90653893695921,7.67484548825711,7.81,30153800,7.81
2011-03-11,7.74100746268657,7.91496268656716,7.71201492537314,7.77,39644500,7.77
2011-03-14,7.77377450980392,8.16004901960784,7.76411764705882,7.88,48707100,7.88
2011-03-15,7.80349809885932,7.87110266159696,7.32060836501901,7.62,58796300,7.62
2011-03-16,7.53935643564356,7.80965346534653,7.48143564356436,7.8,44696900,7.8
2011-03-17,7.78103831891224,7.96446229913473,7.67484548825711,7.81,53674100,7.81
2011-03-18,7.90563975155279,7.98295652173913,7.72201242236025,7.78,28852400,7.78
2011-03-21,7.75163449163449,7.82895752895753,7.48100386100386,7.51,30955500,7.51
2011-03-22,7.53375474083439,7.67863463969659,7.26331226295828,7.64,30339900,7.64
2011-03-23,7.61,7.70657360406091,7.45548223350254,7.61,20180000,7.61
2011-03-24,7.5979257362356,7.6075800256082,7.45311139564661,7.54,23452500,7.54
2011-03-25,7.51401709401709,7.91965811965812,7.45606837606838,7.91,68619700,7.91
2011-03-28,7.96410891089109,7.97376237623762,7.76138613861386,7.8,33488300,7.8
2011-03-29,7.78383248730965,7.78383248730965,7.48445431472081,7.61,36639300,7.61
2011-03-30,7.59664948453608,7.64497422680412,7.45167525773196,7.5,14214400,7.5
2011-03-31,7.50418421052632,7.51384210526316,7.28205263157895,7.34,27073700,7.34
2011-04-01,7.29561994609164,7.34393530997305,6.92842318059299,7.17,63457300,7.17
2011-04-06,7.12134952766532,7.26628879892038,7.06337381916329,7.16,23209500,7.16
2011-04-07,7.1478374836173,7.43761467889908,7.11885976408912,7.37,33042200,7.37
2011-04-08,7.34437257438551,7.52798188874515,7.26706338939198,7.47,22735000,7.47
2011-04-11,7.50592156862745,7.61218300653595,7.39,7.39,28390200,7.39
2011-04-12,7.42341333333333,7.42341333333333,6.96005333333333,7.24,39428200,7.24
2011-04-13,7.11335120643432,7.28731903485255,7.09402144772118,7.21,27687400,7.21
2011-04-14,7.24071702944942,7.65585147247119,7.14417413572343,7.54,72826100,7.54
2011-04-15,7.49591623036649,7.50557591623037,7.20612565445026,7.38,36758000,7.38
2011-04-18,7.30931125827815,7.32862251655629,7.16447682119205,7.29,26830400,7.29
2011-04-19,7.22557823129252,7.33183673469388,7.00340136054422,7.1,35256000,7.1
2011-04-20,7.12932065217391,7.16796195652174,7.03271739130435,7.11,13716500,7.11
2011-04-21,7.11235531628533,7.23798115746972,6.91908479138627,7.18,28949800,7.18
2011-04-22,7.15267379679144,7.39431818181818,7.08501336898396,7.23,31529800,7.23
2011-04-25,7.19345730027548,7.19345730027548,6.94241046831956,7.01,18266600,7.01
2011-04-26,6.9730779753762,7.09863201094391,6.9730779753762,7.06,9046800,7.06
2011-04-27,7.0849860724234,7.19130919220056,6.87233983286908,6.94,13681000,6.94
2011-04-28,6.9628,7.0304,6.59582857142857,6.76,21167400,6.76
2011-04-29,6.7423829787234,6.92591489361702,6.71340425531915,6.81,15438800,6.81
2011-05-03,6.82168776371308,6.87966244725738,6.74438818565401,6.87,10656300,6.87
2011-05-04,6.86125730994152,6.86125730994152,6.53269005847953,6.61,18506400,6.61
2011-05-05,6.52965925925926,6.57795555555555,6.37511111111111,6.52,17731200,6.52
2011-05-06,6.43295454545455,6.88693181818182,6.38465909090909,6.8,32384000,6.8
2011-05-09,6.81828815977175,6.86657631954351,6.72171184022825,6.77,13624200,6.77
2011-05-10,6.76237623762376,6.90728429985856,6.70441301272984,6.83,16172500,6.83
2011-05-11,6.83135021097046,6.93763713080169,6.80236286919831,6.87,15180700,6.87
2011-05-12,6.81431686046512,6.85297965116279,6.62100290697674,6.65,22955200,6.65
2011-05-13,6.64,6.69799126637554,6.51435225618632,6.64,17562600,6.64
2011-05-17,6.66206896551724,6.77793103448276,6.55586206896552,6.72,17263100,6.72
2011-05-18,6.70273504273504,6.85726495726496,6.66410256410257,6.78,12944700,6.78
2011-05-19,6.80202816901409,6.95661971830986,6.80202816901409,6.86,22465000,6.86
2011-05-20,6.87067321178121,6.94798036465638,6.82235624123422,6.89,10022700,6.89
2011-05-23,6.89379310344828,6.89379310344828,6.72,6.72,16515400,6.72
2011-05-24,6.69103448275862,6.74896551724138,6.54620689655172,6.72,13810300,6.72
2011-05-25,6.66832116788321,6.70697810218978,6.57167883211679,6.62,13040400,6.62
2011-05-26,6.68933333333333,6.699,6.33166666666667,6.38,20262600,6.38
2011-05-27,6.39100628930818,6.43927672955975,6.13034591194968,6.14,24097100,6.14
2011-05-30,6.12307931570762,6.35486780715397,6.06513219284603,6.21,15675200,6.21
2011-05-31,6.17471669218989,6.38730474732006,6.04909647779479,6.31,14421800,6.31
2011-06-01,6.37138554216867,6.45826807228916,6.31346385542169,6.41,21068800,6.41
2011-06-02,6.34242469879518,6.44861445783133,6.17831325301205,6.41,16712800,6.41
2011-06-03,6.37752808988764,6.98629213483146,6.36786516853933,6.88,36670800,6.88
2011-06-07,6.87200836820084,6.95899581589958,6.76569037656904,6.93,24942200,6.93
2011-06-08,6.88167364016736,6.94933054393305,6.74635983263598,6.93,13703900,6.93
2011-06-09,6.88167364016736,7.15230125523013,6.87200836820084,6.93,26472600,6.93
2011-06-10,6.89547945205479,7.1272602739726,6.86650684931507,7.05,23999200,7.05
2011-06-13,7.04504032258065,7.20932795698925,6.89041666666667,7.19,29827200,7.19
2011-06-14,7.23872258064516,7.61563870967742,7.1614064516129,7.49,55744300,7.49
2011-06-15,7.53764553686934,7.64394566623545,7.40235446313066,7.47,32875900,7.47
2011-06-16,7.4045,7.59757692307692,7.31761538461538,7.53,26503700,7.53
2011-06-17,7.51065246338216,7.60719041278296,7.21138482023968,7.25,26661600,7.25
2011-06-20,7.15511056511057,7.89862407862408,7.12614250614251,7.86,49127800,7.86
2011-06-21,7.86757425742574,7.87722772277228,7.67450495049505,7.8,34405300,7.8
2011-06-22,7.79,7.95430521091811,7.73200992555831,7.79,34146900,7.79
2011-06-23,7.74207920792079,7.84826732673267,7.5779702970297,7.8,26450100,7.8
2011-06-24,7.81935483870968,8.17653524492234,7.75178016726404,8.08,60979300,8.08
2011-06-27,8.21270396270396,8.46391608391608,8.12574592074592,8.29,69058000,8.29
2011-06-28,8.26101398601399,8.39628205128205,8.12574592074592,8.29,28252200,8.29
2011-06-29,8.30109865470852,8.87125560538117,8.2334529147982,8.62,67440100,8.62
2011-06-30,8.6469525959368,8.95611738148984,8.45372460496614,8.56,77965700,8.56
2011-07-01,8.51269966254218,8.74460067491563,8.45472440944882,8.59,40362300,8.59
2011-07-04,8.59173184357542,8.65930726256983,8.41796648044693,8.64,45903300,8.64
2011-07-05,8.61694224235561,8.62660249150623,8.39475651189128,8.53,46124500,8.53
2011-07-06,8.55533410138249,8.57471198156682,8.3809331797235,8.41,34164700,8.41
2011-07-07,8.42092889908257,8.65349770642202,8.3240252293578,8.45,49308900,8.45
2011-07-08,8.38430034129693,8.59754266211604,8.28737201365188,8.52,32232300,8.52
2011-07-11,8.47,8.54752860411899,8.39247139588101,8.47,21462900,8.47
2011-07-12,8.5256351039261,8.63220554272517,8.23498845265589,8.39,35108500,8.39
2011-07-13,8.32943820224719,8.62968539325843,8.31975280898876,8.62,37112400,8.62
2011-07-14,8.62097297297297,9.00843243243243,8.58222702702703,8.96,76463900,8.96
2011-07-15,8.92723684210526,9.00478070175439,8.80122807017544,8.84,29990600,8.84
2011-07-18,8.91891891891892,8.91891891891892,8.24030552291422,8.25,84954700,8.25
2011-07-19,8.22091656874266,8.41480611045828,8.19183313748531,8.25,34461900,8.25
2011-07-20,8.27908343125734,8.33725029377203,8.15305522914219,8.25,22919300,8.25
2011-07-21,8.25815602836879,8.27754137115839,8.12245862884161,8.2,19567200,8.2
2011-07-22,8.22969339622642,8.31693396226415,8.15214622641509,8.22,16343600,8.22
2011-07-25,8.21762376237624,8.21762376237624,7.80092821782178,7.83,26592600,7.83
2011-07-26,7.7956865127582,8.04747266099636,7.75695018226002,7.97,18410700,7.97
2011-07-27,7.8977380952381,8.23690476190476,7.86866666666667,8.14,23444500,8.14
2011-07-28,8.06369668246445,8.2575355450237,8.01523696682465,8.18,12878300,8.18
2011-07-29,8.20080882352941,8.20080882352941,7.80337009803922,7.91,18474000,7.91
2011-08-01,7.86625,8.079375,7.8371875,8.06,9829300,8.06
2011-08-02,7.98968446601942,8.02842233009709,7.8153640776699,7.98,10245900,7.98
2011-08-03,7.901221001221,8.0369474969475,7.862442002442,7.94,11627900,7.94
2011-08-04,7.93189090909091,8.19338181818182,7.90283636363636,7.99,23349900,7.99
2011-08-05,7.80782190132371,8.10812274368231,7.70126353790614,8.05,21609100,8.05
2011-08-08,7.94628712871287,8.02381188118812,7.52959158415842,7.83,27804000,7.83
2011-08-09,7.56073619631902,8.01631901840491,7.52196319018405,7.9,20289100,7.9
2011-08-10,8.0306257521059,8.18561973525872,7.98219013237064,8.05,24490200,8.05
2011-08-11,7.9482880755608,8.21969303423849,7.89982290436836,8.21,17878200,8.21
2011-08-12,8.23468208092486,8.47687861271676,8.20561849710983,8.38,29123700,8.38
2011-08-15,8.40748837209302,8.49466279069767,8.2621976744186,8.33,20656000,8.33
2011-08-16,8.32778429073857,8.36651817116061,8.18253223915592,8.26,14939600,8.26
2011-08-17,8.23938679245283,8.33632075471698,8.20061320754717,8.22,10700800,8.22
2011-08-18,8.21371980676328,8.24277777777778,7.94251207729469,8.02,11072400,8.02
2011-08-19,7.94031668696711,8.01778319123021,7.86285018270402,7.95,10890700,7.95
2011-08-22,7.9634456928839,8.08938826466916,7.5565543071161,7.76,28184500,7.76
2011-08-23,7.76216584158416,7.83969059405941,7.65556930693069,7.83,11264700,7.83
2011-08-24,7.87845297029703,7.90752475247525,7.72340346534653,7.83,10240800,7.83
2011-08-25,7.8278031212485,8.07968787515006,7.74061224489796,8.07,21006300,8.07
2011-08-26,8.08093189964158,8.19720430107527,8.02279569892473,8.11,15823300,8.11
2011-08-29,8.11598599766628,8.32905484247375,8.04819136522754,8.3,33341900,8.3
2011-08-30,8.32937062937063,8.40685314685315,8.21314685314685,8.31,18432700,8.31
2011-08-31,8.2925,8.33125,8.0309375,8.06,14288900,8.06
2011-09-01,8.06,8.25375,7.9921875,8.06,9270400,8.06
2011-09-02,8.06509803921569,8.07479166666667,7.88091911764706,7.91,10642200,7.91
2011-09-05,7.8,7.8872049689441,7.7127950310559,7.8,11156700,7.8
2011-09-06,7.76620253164557,7.79525316455696,7.51443037974684,7.65,15497500,7.65
2011-09-07,7.67525339925834,7.84969097651422,7.63648949320148,7.84,11476700,7.84
2011-09-08,7.84528301886792,7.84528301886792,7.7,7.7,11298800,7.7
2011-09-09,7.70538461538462,7.84107692307692,7.54061538461538,7.56,14414600,7.56
2011-09-13,7.40905511811024,7.47685039370079,7.16692913385827,7.38,17565800,7.38
2011-09-14,7.42248062015504,7.51937984496124,7.15116279069767,7.5,17046100,7.5
2011-09-15,7.45906127770535,7.57530638852673,7.42031290743155,7.43,12023800,7.43
2011-09-16,7.45247104247104,7.61722007722008,7.45247104247104,7.53,7671200,7.53
2011-09-19,7.53329801324503,7.53329801324503,7.32,7.32,6608200,7.32
2011-09-20,7.31031746031746,7.37809523809524,7.21349206349206,7.32,8661700,7.32
2011-09-21,7.30977099236641,7.78480916030534,7.23221374045801,7.62,17248900,7.62
2011-09-22,7.5065445026178,7.66151832460733,7.36125654450262,7.4,12357900,7.4
2011-09-23,7.31877496671105,7.51264980026631,7.22183754993342,7.28,10867400,7.28
2011-09-26,7.22782138024357,7.41190798376184,7.15031123139378,7.16,9808900,7.16
2011-09-27,7.26530612244898,7.30405442176871,6.96500680272109,7.12,14309700,7.12
2011-09-28,7.14716049382716,7.28274348422496,6.9922085048011,7.06,10210600,7.06
2011-09-29,7.02692307692308,7.06569230769231,6.78461538461538,6.93,8195200,6.93
2011-09-30,6.94497860199715,6.97403708987161,6.72219686162625,6.79,9609800,6.79
2011-10-10,6.79714285714286,6.88428571428572,6.6131746031746,6.71,7922200,6.71
2011-10-11,6.90332369942197,6.99046242774566,6.57413294797688,6.7,10968000,6.7
2011-10-12,6.68140495867769,7.04936639118457,6.63298898071625,7.03,20582500,7.03
2011-10-13,7.07038007863696,7.4481127129751,7.02195281782438,7.39,31407600,7.39
2011-10-14,7.34063157894737,7.43747368421053,7.24378947368421,7.36,20303100,7.36
2011-10-17,7.36094364351245,7.56433813892529,7.3318872870249,7.39,14336300,7.39
2011-10-18,7.3331156462585,7.3621768707483,7.05219047619048,7.12,14081500,7.12
2011-10-19,7.1387448840382,7.2356070941337,7.07094133697135,7.1,10970500,7.1
2011-10-20,7.04568022440393,7.06506311360449,6.70647966339411,6.91,15577600,6.91
2011-10-21,6.92334293948127,6.95239193083573,6.6328530259366,6.72,16395100,6.72
2011-10-24,6.75463483146067,6.97752808988764,6.45421348314607,6.9,15596500,6.9
2011-10-25,6.84492715231788,7.36847682119205,6.82553642384106,7.32,26074000,7.32
2011-10-26,7.24502617801047,7.58403141361257,7.22565445026178,7.4,35658000,7.4
2011-10-27,7.45684210526316,7.50526315789474,7.27284210526316,7.36,12002500,7.36
2011-10-28,7.50937904269081,7.67410090556274,7.35434670116429,7.49,22366800,7.49
2011-10-31,7.49031007751938,7.60658914728682,7.36434108527132,7.5,15081400,7.5
2011-11-01,7.41186770428016,7.57657587548638,7.37311284046693,7.47,15312600,7.47
2011-11-02,7.33044303797468,7.73715189873418,7.2723417721519,7.65,30323800,7.65
2011-11-03,7.71714467005076,7.81397208121827,7.60095177664975,7.63,25908100,7.63
2011-11-04,7.72682741116751,7.73651015228426,7.55253807106599,7.63,10793700,7.63
2011-11-07,7.6,7.63877551020408,7.46428571428571,7.6,14573300,7.6
2011-11-08,7.59814910025707,7.64660668380463,7.49154241645244,7.54,9316600,7.54
2011-11-09,7.59436031331593,7.59436031331593,7.25532637075718,7.42,28350200,7.42
2011-11-10,7.34908609271523,7.45573509933775,7.27152317880795,7.32,13398300,7.32
2011-11-11,7.32094861660079,7.47588932806324,7.31126482213439,7.35,14429600,7.35
2011-11-14,7.41431322207959,7.5596919127086,7.37554557124519,7.55,29951600,7.55
2011-11-15,7.59345911949686,7.74842767295597,7.56440251572327,7.7,23381300,7.7
2011-11-16,7.72286821705426,7.7422480620155,7.39341085271318,7.5,15951300,7.5
2011-11-17,7.49031007751938,7.63565891472868,7.4515503875969,7.5,9849700,7.5
2011-11-18,7.460027100271,7.460027100271,7.09186991869919,7.15,21417500,7.15
2011-11-21,7.14843110504775,7.22592087312415,6.95470668485675,7.1,18760900,7.1
2011-11-22,7.04495289367429,7.21938088829071,7.00619111709287,7.2,10070000,7.2
2011-11-23,7.1962243502052,7.2155950752394,6.9540902872777,7.08,12847600,7.08
2011-11-24,6.97784011220196,7.19105189340813,6.82277699859748,6.91,19336400,6.91
2011-11-25,6.90907042253521,7.07380281690141,6.76371830985916,6.88,12563400,6.88
2011-11-28,6.90655270655271,6.95498575498575,6.68376068376068,6.8,16680600,6.8
2011-11-29,6.8715406162465,6.9587675070028,6.71647058823529,6.92,21740500,6.92
2011-11-30,6.86621233859397,6.89526542324247,6.55631276901004,6.75,26172900,6.75
2011-12-01,6.92687943262411,6.97531914893617,6.77187234042553,6.83,32422100,6.83
2011-12-02,6.76632653061225,6.80510204081633,6.63061224489796,6.65,14746900,6.65
2011-12-05,6.58429003021148,6.64238670694864,6.37126888217523,6.41,14699400,6.41
2011-12-06,6.35346326836582,6.53748125937032,6.30503748125937,6.46,11192900,6.46
2011-12-07,6.46094029850746,6.58686567164179,6.41250746268657,6.49,8830600,6.49
2011-12-08,6.49416282642089,6.49416282642089,6.25184331797235,6.31,12782800,6.31
2011-12-09,6.25040716612378,6.32793159609121,5.89185667752443,5.95,33794600,5.95
2011-12-12,5.94473498233216,5.94473498233216,5.35413427561838,5.48,53128900,5.48
2011-12-13,5.42222222222222,5.5384126984127,5.29634920634921,5.49,29152900,5.49
2011-12-14,5.49474545454545,5.51412727272727,5.29123636363636,5.33,18321900,5.33
2011-12-15,5.28366247755835,5.50664272890485,5.23518850987433,5.4,24658000,5.4
2011-12-16,5.38096446700508,5.76878172588833,5.38096446700508,5.73,42010100,5.73
2011-12-19,5.65183361629881,5.76816638370119,5.48702886247878,5.71,23171600,5.71
2011-12-20,5.65781629116118,5.76438474870017,5.52218370883882,5.59,21284800,5.59
2011-12-21,5.66428571428571,5.78047619047619,5.48031746031746,5.49,27954200,5.49
2011-12-22,5.44498269896194,5.65813148788927,5.32871972318339,5.6,17107500,5.6
2011-12-23,5.57216494845361,5.73690721649484,5.53340206185567,5.64,15428300,5.64
2011-12-26,5.59585840707965,5.66362831858407,5.44095575221239,5.47,14819000,5.47
2011-12-27,5.40316901408451,5.69366197183099,5.39348591549296,5.5,18827800,5.5
2011-12-28,5.46939501779359,5.53727758007117,5.27544483985765,5.45,18671700,5.45
2011-12-29,5.41090909090909,5.47878787878788,5.38181818181818,5.44,10591400,5.44
2011-12-30,5.44252631578947,5.55873684210526,5.40378947368421,5.52,19084600,5.52
2012-01-02,5.44252631578947,5.55873684210526,5.40378947368421,5.52,19084600,5.52
2012-01-03,5.44252631578947,5.55873684210526,5.40378947368421,5.52,19084600,5.52
2012-01-04,5.57409177820268,5.59347992351816,5.04091778202677,5.07,30196900,5.07
2012-01-05,5.08185110663984,5.08185110663984,4.77150905432596,4.82,29160500,4.82
2012-01-06,4.81737044145873,5.2147792706334,4.80767754318618,5.05,19101100,5.05
2012-01-09,5.0583606557377,5.33938069216758,4.98083788706739,5.32,23638500,5.32
2012-01-10,5.29084337349398,5.7850430292599,5.252082616179,5.63,34537300,5.63
2012-01-11,5.61968911917098,5.71658031088083,5.52279792746114,5.61,17656400,5.61
2012-01-12,5.560625,5.831875,5.5509375,5.58,29957600,5.58
2012-01-13,5.58545454545455,5.67272727272727,5.31393939393939,5.44,25640800,5.44
2012-01-16,5.35686924493554,5.4924861878453,5.25031307550645,5.26,13981800,5.26
2012-01-17,5.2552027027027,5.76908783783784,5.19702702702703,5.74,30242700,5.74
2012-01-18,5.71877133105802,5.88354948805461,5.66061433447099,5.68,27262000,5.68
2012-01-19,5.67474209650582,5.82968386023295,5.64569051580699,5.82,27329600,5.82
2012-01-20,5.8340162601626,5.97938211382114,5.77586991869919,5.96,27031100,5.96
2012-01-23,5.96,5.96,5.96,5.96,0,5.96
2012-01-24,5.96,5.96,5.96,5.96,0,5.96
2012-01-25,5.96,5.96,5.96,5.96,0,5.96
2012-01-26,5.96,5.96,5.96,5.96,0,5.96
2012-01-27,5.96,5.96,5.96,5.96,0,5.96
2012-01-30,5.95362563237774,5.9633220910624,5.74030354131535,5.75,19540200,5.75
2012-01-31,5.76878172588833,5.79786802030457,5.5748730964467,5.73,13692300,5.73
2012-02-01,5.67,5.89292307692308,5.64092307692308,5.67,19910900,5.67
2012-02-02,5.69317725752508,5.80936454849498,5.58667224080267,5.79,20039900,5.79
2012-02-03,5.77375,5.909375,5.6865625,5.89,32798900,5.89
2012-02-06,5.87247557003257,5.99845276872964,5.84340390879479,5.95,34787400,5.95
2012-02-07,5.89031198686371,5.90968801313629,5.78374384236453,5.9,23254700,5.9
2012-02-08,5.85793650793651,6.1968253968254,5.83857142857143,6.1,38511000,6.1
2012-02-09,6.0737558685446,6.32561815336463,6.02532081377152,6.19,44419200,6.19
2012-02-10,6.14873217115689,6.23587955625991,6.07126782884311,6.11,20976700,6.11
2012-02-13,6.00472440944882,6.25653543307087,5.98535433070866,6.15,23504600,6.15
2012-02-14,6.15696,6.186048,5.96304,6.06,25456900,6.06
2012-02-15,6.08557275541796,6.33752321981424,6.03712074303406,6.26,39299800,6.26
2012-02-16,6.23154320987654,6.32845679012346,6.1733950617284,6.28,20426400,6.28
2012-02-17,6.2775,6.3453125,6.1225,6.2,16235200,6.2
2012-02-20,6.3453125,6.4034375,6.180625,6.2,22136700,6.2
2012-02-21,6.19937304075235,6.24780564263323,6.07344827586207,6.18,24946100,6.18
2012-02-22,6.17490045941807,6.42693721286371,6.15551301684533,6.33,34101600,6.33
2012-02-23,6.29273556231003,6.48665653495441,6.27334346504559,6.38,25494400,6.38
2012-02-24,6.46371134020619,6.61876288659794,6.36680412371134,6.58,29303300,6.58
2012-02-27,6.58274709302326,6.88328488372093,6.58274709302326,6.67,44828200,6.67
2012-02-28,6.66127167630058,6.76777456647399,6.58381502890173,6.7,15359800,6.7
2012-02-29,6.66563798219585,6.72376854599407,6.51062314540059,6.53,15500200,6.53
2012-03-01,6.5096870342772,6.59687034277198,6.46125186289121,6.5,14938000,6.5
2012-03-02,6.52457848837209,6.69908430232558,6.52457848837209,6.67,19051400,6.67
2012-03-05,6.6762776957164,6.78286558345643,6.5018611521418,6.56,25672100,6.56
2012-03-06,6.51574468085106,6.5351367781155,6.35091185410334,6.38,18332000,6.38
2012-03-07,6.28938176197836,6.4735085007728,6.25061823802164,6.27,21975500,6.27
2012-03-08,6.31254545454545,6.43840909090909,6.26413636363636,6.39,24361700,6.39
2012-03-09,6.41188622754491,6.47,6.37314371257485,6.47,17725600,6.47
2012-03-12,6.45432352941176,6.61907352941176,6.28957352941176,6.59,30748100,6.59
2012-03-13,6.57123167155425,6.64876832844575,6.51307917888563,6.61,27010100,6.61
2012-03-14,6.63890600924499,6.65828967642527,6.09616332819723,6.29,53543000,6.29
2012-03-15,6.24652996845426,6.29495268138801,6.07220820189274,6.14,22752300,6.14
2012-03-16,6.14310559006211,6.34658385093168,6.09465838509317,6.24,17227000,6.24
2012-03-19,6.248751950078,6.27781591263651,6.10343213728549,6.21,20032100,6.21
2012-03-20,6.22489633173844,6.24425837320574,5.94414673046252,6.07,23380900,6.07
2012-03-21,6.10786516853933,6.14664526484751,5.96243980738363,6.04,15723000,6.04
2012-03-22,6.02,6.06847020933977,5.94244766505636,6.02,14734200,6.02
2012-03-23,5.99182692307692,6.18573717948718,5.96274038461539,6.05,26795400,6.05
2012-03-26,6.05095541401274,6.09936305732484,6.01222929936306,6.08,9194500,6.08
2012-03-27,6.1150569105691,6.14413008130081,5.95030894308943,5.96,10269000,5.96
2012-03-28,5.94138461538462,5.94138461538462,5.61184615384615,5.67,18634200,5.67
2012-03-29,5.67,5.67,5.67,5.67,0,5.67
2012-03-30,5.59246153846154,5.72815384615385,5.47615384615385,5.67,19067100,5.67
2012-04-02,5.67,5.67,5.67,5.67,0,5.67
2012-04-03,5.67,5.67,5.67,5.67,0,5.67
2012-04-04,5.67,5.67,5.67,5.67,0,5.67
2012-04-05,5.66838235294118,5.95906862745098,5.57148692810457,5.93,18510100,5.93
2012-04-06,5.88428341384863,6.14602254428341,5.88428341384863,6.02,19522200,6.02
2012-04-09,6.10724637681159,6.1266344605475,5.99091787439613,6.02,22065700,6.02
2012-04-10,6.00223285486443,6.07968102073365,5.92478468899522,6.07,13436600,6.07
2012-04-11,6.00091639871383,6.11725080385852,5.97183279742765,6.03,17050600,6.03
2012-04-12,6.06376175548589,6.18968652037618,6.04438871473354,6.18,24316700,6.18
2012-04-13,6.19155279503106,6.33689440993789,6.18186335403727,6.24,21099800,6.24
2012-04-16,6.2160363086233,6.467776096823,6.19667170953101,6.4,24640100,6.4
2012-04-17,6.40598765432099,6.44475308641975,6.26061728395062,6.28,20162700,6.28
2012-04-18,6.27719821162444,6.5193740685544,6.27719821162444,6.5,26864900,6.5
2012-04-19,6.48031343283582,6.56749253731343,6.42219402985075,6.49,19568400,6.49
2012-04-20,6.48031343283582,6.51905970149254,6.3059552238806,6.49,33364400,6.49
2012-04-23,6.42031626506024,6.49778614457831,6.33316265060241,6.43,22440400,6.43
2012-04-24,6.37221052631579,6.52715789473684,6.29473684210526,6.44,19717300,6.44
2012-04-25,6.39878048780488,6.47634146341463,6.32121951219512,6.36,20204200,6.36
2012-04-26,6.39617647058823,6.60938235294118,6.37679411764706,6.59,30225300,6.59
2012-04-27,6.58813056379822,6.61719584569733,6.45249258160237,6.53,13010700,6.53
2012-04-30,6.53,6.53,6.53,6.53,0,6.53
2012-05-01,6.53,6.53,6.53,6.53,0,6.53
2012-05-02,6.65127351664255,6.77713458755427,6.61254703328509,6.69,34327600,6.69
2012-05-03,6.64159189580318,6.74808972503618,6.63191027496382,6.69,12728000,6.69
2012-05-04,6.6940625,6.85875,6.665,6.82,17986900,6.82
2012-05-07,6.76582984658299,6.95969316596932,6.73675034867504,6.95,25648500,6.95
2012-05-08,6.94465714285714,6.94465714285714,6.63471428571429,6.78,30393800,6.78
2012-05-09,6.68565088757397,6.73409763313609,6.5112426035503,6.55,17393200,6.55
2012-05-10,6.58781575037147,6.61687964338781,6.43280832095096,6.52,12803900,6.52
2012-05-11,6.45,6.59527027027027,6.44031531531532,6.45,10671100,6.45
2012-05-14,6.52512937595129,6.54452054794521,6.35060882800609,6.37,14489200,6.37
2012-05-15,6.24508320726173,6.43872919818457,6.17730711043873,6.4,18209000,6.4
2012-05-16,6.39245283018868,6.39245283018868,6.13094339622641,6.16,18268400,6.16
2012-05-17,6.17369799691834,6.29969183359014,6.13493066255778,6.29,20482400,6.29
2012-05-18,6.22036006546645,6.22036006546645,5.87155482815057,5.92,56441800,5.92
2012-05-21,5.90968801313629,5.92906403940887,5.75467980295567,5.9,35189800,5.9
2012-05-22,5.94630914826498,6.18842271293375,5.88820189274448,6.14,43365700,6.14
2012-05-23,6.14,6.14,6.14,6.14,0,6.14
2012-05-24,6.195744,6.224832,6.050304,6.06,35083500,6.06
2012-05-25,6.08785829307568,6.15571658615137,6.00061191626409,6.02,17888500,6.02
2012-05-28,5.99895061728395,6.29938271604938,5.92141975308642,6.28,35183300,6.28
2012-05-29,6.46968515742129,6.55685157421289,6.3728335832084,6.46,52916900,6.46
2012-05-30,6.40126315789474,6.58526315789474,6.37221052631579,6.44,31933300,6.44
2012-05-31,6.39617647058823,6.65783823529412,6.38648529411765,6.59,38590000,6.59
2012-06-01,6.57717910447761,6.6740447761194,6.47062686567164,6.49,20243000,6.49
2012-06-04,6.39566563467492,6.4053560371517,6.10495356037152,6.26,23192400,6.26
2012-06-05,6.229375975039,6.28750390015601,6.171248049922,6.21,14959700,6.21
2012-06-06,6.244224,6.25392,6.030912,6.06,17798400,6.06
2012-06-07,6.13348039215686,6.1722385620915,5.82341503267974,5.93,26609700,5.93
2012-06-08,5.97813420621931,6.02657937806874,5.89093289689034,5.92,16188500,5.92
2012-06-11,5.98273162939297,6.11848242811502,5.90515974440895,6.07,15635300,6.07
2012-06-12,6.01876823338736,6.06722852512156,5.9315397082658,5.98,16759100,5.98
2012-06-13,6.05221518987342,6.15873417721519,5.98443037974683,6.12,16698800,6.12
2012-06-14,6.11662903225806,6.14570967741935,5.97122580645161,6.01,13490900,6.01
2012-06-15,6.04908212560386,6.06847020933977,5.92305958132045,6.02,19567400,6.02
2012-06-18,6.07968102073365,6.14744816586922,6.03127591706539,6.07,19059800,6.07
2012-06-19,6.09661812297735,6.11600323624595,5.96092233009709,5.99,10580000,5.99
2012-06-20,6.04091054313099,6.079696485623,5.96333865814697,6.07,11827000,6.07
2012-06-21,6.02907915993538,6.02907915993538,5.93214862681745,6,9487500,6
2012-06-22,6,6,6,6,0,6
2012-06-25,5.95525,5.99398333333333,5.77126666666667,5.81,13073700,5.81
2012-06-26,5.80373158756137,5.92968903436989,5.68746317512275,5.92,10063900,5.92
2012-06-27,5.86648739495798,5.8858487394958,5.69223529411765,5.76,13841900,5.76
2012-06-28,5.7630890052356,5.78246073298429,5.43376963350785,5.55,32710300,5.55
2012-06-29,5.50280762564991,5.62875216637782,5.45436741767764,5.59,12909100,5.59
2012-07-02,5.6352380952381,5.67396825396825,5.46095238095238,5.49,23664100,5.49
2012-07-03,5.49968253968254,5.59650793650794,5.42222222222222,5.49,21071800,5.49
2012-07-04,5.50936507936508,5.56746031746032,5.42222222222222,5.49,17724100,5.49
2012-07-05,5.46111940298507,5.46111940298507,5.1803171641791,5.19,31632600,5.19
2012-07-06,5.21156537753223,5.32780847145488,4.96939226519337,5.26,37353700,5.26
2012-07-09,5.20284046692607,5.23190661478599,4.97031128404669,4.98,32697400,4.98
2012-07-10,4.97978346456693,5.0384842519685,4.92108267716535,4.97,15553300,4.97
2012-07-11,4.93457142857143,5.14954285714286,4.93457142857143,5.13,34869600,5.13
2012-07-12,5.13246268656716,5.31820895522388,5.06402985074627,5.24,26908500,5.24
2012-07-13,5.4716049382716,5.66701940035273,5.4716049382716,5.54,52673500,5.54
2012-07-16,5.57768270944742,5.64606060606061,5.45069518716578,5.48,30077500,5.48
2012-07-17,5.47426597582038,5.66977547495682,5.46449050086356,5.66,28438900,5.66
2012-07-18,5.63647933884298,5.92953719008265,5.62671074380165,5.91,43525200,5.91
2012-07-19,5.90294975688817,6.2547811993517,5.86385737439222,6.03,76374900,6.03
2012-07-20,6.03022653721683,6.14750809061489,5.88362459546926,6.04,24668500,6.04
2012-07-23,5.94953871499176,6.00815485996705,5.88115321252059,5.93,14573800,5.93
2012-07-24,5.88138157894737,6.05723684210526,5.79345394736842,5.94,16224400,5.94
2012-07-25,5.94648648648649,5.9660472972973,5.76065878378378,5.79,17159500,5.79
2012-07-26,5.78821917808219,5.86643835616438,5.69044520547945,5.71,13826700,5.71
2012-07-27,5.74174789915966,5.88847058823529,5.7026218487395,5.82,15224400,5.82
2012-07-30,5.81663793103448,5.87529310344828,5.63089655172414,5.67,11632800,5.67
2012-07-31,5.65133561643836,5.83710616438356,5.62200342465753,5.71,25140500,5.71
2012-08-01,5.75152941176471,5.88847058823529,5.72218487394958,5.82,21939200,5.82
2012-08-02,5.81388888888889,6.04839869281046,5.76503267973856,5.98,32935900,5.98
2012-08-03,5.97022875816994,6.03862745098039,5.85297385620915,5.98,20651600,5.98
2012-08-06,5.95270531400966,6.10909822866345,5.89405797101449,6.07,22481600,6.07
2012-08-07,6.06977419354839,6.12841935483871,6.00135483870968,6.06,13268900,6.06
2012-08-08,6.06535714285714,6.29,6.02628881987578,6.29,41308700,6.29
2012-08-09,6.23543806646526,6.54818731117825,6.22566465256798,6.47,39460800,6.47
2012-08-10,6.44792626728111,6.52608294930876,6.28184331797235,6.36,19347300,6.36
2012-08-13,6.33344103392569,6.34321486268174,5.98158319870759,6.05,31254100,6.05
2012-08-14,6.06373626373626,6.24956043956044,6.01483516483517,6.23,25036400,6.23
2012-08-15,6.24,6.29868338557994,6.13241379310345,6.24,13071900,6.24
2012-08-16,6.21615508885299,6.2357027463651,6.04022617124394,6.05,18577200,6.05
2012-08-17,6.11561779242175,6.27192751235585,5.83230642504119,5.93,43673000,5.93
2012-08-20,5.87115511551155,5.97861386138614,5.78323432343234,5.92,15696400,5.92
2012-08-21,5.91534181240064,6.19888712241653,5.91534181240064,6.15,31487700,6.15
2012-08-22,6.14865168539326,6.15842696629213,6.04112359550562,6.09,12369900,6.09
2012-08-23,6.12022328548644,6.20821371610845,6.04200956937799,6.13,19243800,6.13
2012-08-24,6.09584158415842,6.14468646864687,5.90046204620462,5.92,22634700,5.92
2012-08-27,5.93371329879102,5.96303972366148,5.62089810017271,5.66,34927700,5.66
2012-08-28,5.66413043478261,5.96739130434783,5.63478260869565,5.85,32233000,5.85
2012-08-29,5.83934343434343,5.92737373737374,5.77087542087542,5.81,12536400,5.81
2012-08-30,5.80956081081081,5.90736486486487,5.68241554054054,5.79,16996900,5.79
2012-08-31,5.78866894197952,5.83755972696246,5.70066552901024,5.73,12951100,5.73
2012-09-03,5.71551724137931,5.98908045977011,5.68620689655172,5.95,34656300,5.95
2012-09-04,5.91930348258706,5.98767827529022,5.84116086235489,5.89,18131400,5.89
2012-09-05,5.89780775716695,5.95649241146712,5.67284991568297,5.8,26823000,5.8
2012-09-06,5.81276771004942,5.94953871499176,5.79322899505766,5.93,17475700,5.93
2012-09-07,6.02146926536732,6.52977511244378,6.02146926536732,6.52,113695600,6.52
2012-09-10,6.47626086956522,6.81814492753623,6.44695652173913,6.74,87575300,6.74
2012-09-11,6.65,6.73801470588235,6.54242647058824,6.65,39732600,6.65
2012-09-12,6.69092888243832,6.77883889695211,6.544412191582,6.73,31677100,6.73
2012-09-13,6.71665178571429,6.74598214285714,6.5015625,6.57,26559600,6.57
2012-09-14,6.63977876106195,6.74734513274336,6.45398230088496,6.63,37743300,6.63
2012-09-17,6.58325581395349,6.58325581395349,6.29023255813954,6.3,36457600,6.3
2012-09-18,6.25185185185185,6.4374537037037,6.2225462962963,6.33,18901000,6.33
2012-09-19,6.36045941807044,6.41908116385911,6.23344563552833,6.38,19475900,6.38
2012-09-20,6.33825,6.3969375,6.25021875,6.26,15851000,6.26
2012-09-21,6.27755942947702,6.35578446909667,6.09177496038035,6.17,16754100,6.17
2012-09-24,6.11509259259259,6.38861111111111,6.06625,6.33,23456100,6.33
2012-09-25,6.30206422018349,6.49747706422018,6.28252293577982,6.39,24511500,6.39
2012-09-26,6.3783746130031,6.40767801857585,6.20255417956656,6.31,13725700,6.31
2012-09-27,6.31472263868066,6.66662668665667,6.27562218890555,6.52,26496700,6.52
2012-09-28,6.4656768558952,6.76890829694323,6.45589519650655,6.72,32696500,6.72
2012-10-01,6.72,6.72,6.72,6.72,0,6.72
2012-10-02,6.72,6.72,6.72,6.72,0,6.72
2012-10-03,6.72,6.72,6.72,6.72,0,6.72
2012-10-04,6.72,6.72,6.72,6.72,0,6.72
2012-10-05,6.72,6.72,6.72,6.72,0,6.72
2012-10-08,6.75890670553936,6.81759475218659,6.65131195335277,6.71,15791800,6.71
2012-10-09,6.70092753623188,6.90605797101449,6.6716231884058,6.74,28912200,6.74
2012-10-10,6.73711538461539,6.73711538461539,6.52199704142012,6.61,30537000,6.61
2012-10-11,6.62175182481752,6.78802919708029,6.53372262773723,6.7,27063100,6.7
2012-10-12,6.68548192771084,6.78322289156627,6.40203313253012,6.49,34226900,6.49
2012-10-15,6.49954751131222,6.5875113122172,6.33339366515837,6.48,18305000,6.48
2012-10-16,6.45376661742984,6.7080059084195,6.42443131462334,6.62,28051000,6.62
2012-10-17,6.73779086892489,6.73779086892489,6.57154639175258,6.64,16698200,6.64
2012-10-18,6.6638912732475,6.83977110157368,6.62480686695279,6.83,24304300,6.83
2012-10-19,6.85,6.8793152639087,6.75228245363766,6.85,19809700,6.85
2012-10-22,6.82,6.8493123209169,6.68320916905444,6.82,15090300,6.82
2012-10-23,6.7962389380531,6.87446902654867,6.58110619469027,6.63,21706000,6.63
2012-10-24,6.56110946745562,6.65889053254438,6.50244082840237,6.61,18064200,6.61
2012-10-25,6.61496183206107,6.62473282442748,6.39022900763359,6.4,21040900,6.4
2012-10-26,6.41673405909798,6.43626749611198,6.15303265940902,6.28,25388200,6.28
2012-10-29,6.23208655332303,6.33953632148377,6.19301391035549,6.32,13982600,6.32
2012-10-30,6.35204855842185,6.51817905918058,6.31295902883156,6.44,23753200,6.44
2012-10-31,6.45090361445783,6.50954819277108,6.38248493975904,6.49,14352200,6.49
2012-11-01,6.49288035450517,6.7080059084195,6.45376661742984,6.62,23327000,6.62
2012-11-02,6.61888392857143,6.65799107142857,6.51133928571429,6.57,18948100,6.57
2012-11-05,6.58910447761194,6.60865671641791,6.44246268656716,6.55,16930200,6.55
2012-11-06,6.55726858877087,6.55726858877087,6.32273141122914,6.44,21491100,6.44
2012-11-07,6.41,6.44908536585366,6.35137195121951,6.41,12038100,6.41
2012-11-08,6.34953703703704,6.47652777777778,6.31046296296296,6.33,14101000,6.33
2012-11-09,6.33802816901408,6.35758998435055,6.17175273865415,6.25,16943800,6.25
2012-11-12,6.28274809160305,6.4,6.2436641221374,6.4,14141000,6.4
2012-11-13,6.38737909516381,6.41672386895476,6.2504368174727,6.27,11700100,6.27
2012-11-14,6.30559701492537,6.57932835820896,6.23716417910448,6.55,23559400,6.55
2012-11-15,6.52067164179104,6.73574626865672,6.4815671641791,6.55,45029600,6.55
2012-11-16,6.57044510385757,6.67799703264095,6.50200296735905,6.59,23878600,6.59
2012-11-19,6.58955357142857,6.59933035714286,6.44290178571429,6.57,15963800,6.57
2012-11-20,6.62,6.78623338257016,6.55155096011817,6.62,23769600,6.62
2012-11-21,6.60240524781341,6.71978134110787,6.47524781341108,6.71,19099000,6.71
2012-11-22,6.63866270430906,6.68754829123328,6.55066864784547,6.58,12133700,6.58
2012-11-23,6.60548571428571,6.92794285714286,6.5664,6.84,47661200,6.84
2012-11-26,6.83068376068376,7.06521367521368,6.79159544159544,6.86,58464000,6.86
2012-11-27,6.83022857142857,6.98657142857143,6.72274285714286,6.84,36563700,6.84
2012-11-28,6.79440298507463,6.89216417910448,6.52067164179104,6.55,41425900,6.55
2012-11-29,6.56044576523031,6.61910846953938,6.4920059435364,6.58,31247300,6.58
2012-11-30,6.57790960451977,6.93954802259887,6.48016949152542,6.92,31329500,6.92
2012-12-03,6.86246844319776,7.15573632538569,6.84291725105189,6.97,47967900,6.97
2012-12-04,6.92690121786198,7.2786197564276,6.88782138024357,7.22,44399200,7.22
2012-12-05,7.19644444444445,7.77333333333333,7.13777777777778,7.48,58257800,7.48
2012-12-06,7.48843214756258,7.58619235836627,7.35156785243742,7.42,29055700,7.42
2012-12-07,7.44865079365079,7.59527777777778,7.32157407407407,7.39,41341200,7.39
2012-12-10,7.45285161290323,7.69736774193548,7.45285161290323,7.58,51676100,7.58
2012-12-11,7.51569333333333,7.58410666666667,7.31045333333333,7.33,42982100,7.33
2012-12-12,7.33289646133683,7.49910878112713,7.27423328964613,7.46,31914100,7.46
2012-12-13,7.42796271637816,7.52569906790945,7.22271637816245,7.34,31530800,7.34
2012-12-14,7.33103879849812,7.82954943679599,7.29193992490613,7.81,59477200,7.81
2012-12-17,7.80561538461539,7.874,7.58092307692308,7.62,52042800,7.62
2012-12-18,7.62801556420233,7.70625162127108,7.49110246433204,7.54,30946600,7.54
2012-12-19,7.53022049286641,7.62801556420233,7.47154345006485,7.54,20054500,7.54
2012-12-20,7.51434010152284,7.75862944162437,7.43616751269036,7.7,33215100,7.7
2012-12-21,7.684875491481,7.83153342070773,7.41111402359109,7.46,37627200,7.46
2012-12-24,7.40530089628681,7.6397695262484,7.37599231754161,7.63,23982300,7.63
2012-12-25,7.6153798256538,7.95753424657534,7.53717310087173,7.85,44882000,7.85
2012-12-26,7.83818639798489,7.83818639798489,7.68181360201511,7.76,34001600,7.76
2012-12-27,7.75377777777778,8.06666666666667,7.73422222222222,7.92,43858000,7.92
2012-12-28,7.89198529411765,8.05823529411765,7.67683823529412,7.98,42380000,7.98
2012-12-31,7.97184466019418,8.06953883495146,7.81553398058252,8.05,35709500,8.05
2013-01-01,8.05,8.05,8.05,8.05,0,8.05
2013-01-02,8.05,8.05,8.05,8.05,0,8.05
2013-01-03,8.05,8.05,8.05,8.05,0,8.05
2013-01-04,8.02504380475595,8.04459324155194,7.71225281602002,7.81,41100200,7.81
2013-01-07,7.78840506329114,7.89589873417721,7.65159493670886,7.72,42236100,7.72
2013-01-08,7.77134831460674,7.96685393258427,7.51719101123596,7.83,50312700,7.83
2013-01-09,7.76677336747759,7.80585147247119,7.5713828425096,7.63,44665700,7.63
2013-01-10,7.64802069857697,7.75560155239327,7.48175937904269,7.56,47824200,7.56
2013-01-11,7.56641160949868,7.60551451187335,7.36112137203166,7.41,39631900,7.41
2013-01-14,7.38752851711027,7.73931558935361,7.36798479087452,7.71,48686900,7.71
2013-01-15,7.73513654096229,7.7546944083225,7.35375812743823,7.52,129566200,7.52
2013-01-16,7.52888888888889,7.62666666666667,7.392,7.48,64154000,7.48
2013-01-17,7.4782034346103,7.49775429326288,7.33157199471598,7.4,29423400,7.4
2013-01-18,7.4524191461837,7.59912031047865,7.42307891332471,7.56,38400100,7.56
2013-01-21,7.55,7.62823834196891,7.45220207253886,7.55,33932800,7.55
2013-01-22,7.55069587628866,7.75582474226804,7.51162371134021,7.58,54974000,7.58
2013-01-23,7.56385542168675,7.59317269076305,7.18273092369478,7.3,64598000,7.3
2013-01-24,7.28698499317872,7.41396998635744,7.02324693042292,7.16,58606800,7.16
2013-01-25,7.19205369127517,7.29954362416107,7.11387919463087,7.28,27685700,7.28
2013-01-28,7.31067909454061,7.4084154460719,7.25203728362184,7.34,33464100,7.34
2013-01-29,7.37886666666667,7.37886666666667,7.25181333333333,7.33,33410000,7.33
2013-01-30,7.32112732095491,7.5263925729443,7.30157824933687,7.37,34277600,7.37
2013-01-31,7.39265625,7.54911458333333,7.37309895833333,7.51,33752300,7.51
2013-02-01,7.54731578947368,7.54731578947368,7.3908947368421,7.43,34238000,7.43
2013-02-04,7.45548919949174,7.75839898348158,7.30891994917408,7.69,53949100,7.69
2013-02-05,7.67598522167488,8.06711822660099,7.62709359605911,7.94,72156800,7.94
2013-02-06,7.94821118012422,8.00686956521739,7.83089440993789,7.87,28117700,7.87
2013-02-07,7.98731677018634,8.02642236024845,7.81134161490683,7.87,33417100,7.87
2013-02-08,7.86899408284024,8.31865088757396,7.84944378698225,8.26,56155200,8.26
2013-02-11,8.26,8.26,8.26,8.26,0,8.26
2013-02-12,8.26,8.26,8.26,8.26,0,8.26
2013-02-13,8.26,8.26,8.26,8.26,0,8.26
2013-02-14,8.26,8.26,8.26,8.26,0,8.26
2013-02-15,8.26,8.26,8.26,8.26,0,8.26
2013-02-18,8.25909631391201,8.37638525564804,8.15158145065398,8.22,35300600,8.22
2013-02-19,8.30376670716889,8.46984204131227,7.93253948967193,8.04,58017900,8.04
2013-02-20,8.0175644028103,8.42822014051522,7.94912177985949,8.35,46298200,8.35
2013-02-21,8.26200234192037,8.55532786885246,8.06645199063232,8.35,59586500,8.35
2013-02-22,8.30612244897959,8.37452581032413,8.08136854741897,8.14,34803800,8.14
2013-02-25,8.17862815884476,8.19817087845969,7.98320096269555,8.12,32062900,8.12
2013-02-26,8.06529850746269,8.19238805970149,7.83067164179105,7.86,32078800,7.86
2013-02-27,7.87111111111111,7.97866666666667,7.81244444444444,7.92,18240000,7.92
2013-02-28,7.97432335329341,8.19908982035928,7.87659880239521,8.16,28300500,8.16
2013-03-01,8.18045292014303,8.35637663885578,8.0533969010727,8.2,30981700,8.2
2013-03-04,8.11600985221675,8.20401477832512,7.80310344827586,7.94,36163800,7.94
2013-03-05,7.89592326139089,8.1597721822542,7.8470623501199,8.15,29740600,8.15
2013-03-06,8.20909090909091,8.63909090909091,8.18954545454545,8.6,65082800,8.6
2013-03-07,8.55045610034208,8.6481755986317,8.44296465222349,8.57,36190300,8.57
2013-03-08,8.55713457076566,8.77228538283063,8.42022041763341,8.43,22865300,8.43
2013-03-11,8.42889148191365,8.5071178529755,8.27243873978997,8.38,18820300,8.38
2013-03-12,8.35088578088578,8.64424242424242,8.19442890442891,8.39,31172200,8.39
2013-03-13,8.31448609431681,8.31448609431681,7.91390568319226,8.08,30557200,8.08
2013-03-14,8.04668229777257,8.34977725674091,7.997796014068,8.34,28615400,8.34
2013-03-15,8.3670699881376,8.56256227758007,8.17157769869514,8.24,39006800,8.24
2013-03-18,8.24375581395349,8.5958023255814,8.12640697674419,8.41,37347300,8.41
2013-03-19,8.41431818181818,8.65863636363636,8.35568181818182,8.6,51196300,8.6
2013-03-20,8.60313199105146,8.78888143176734,8.51514541387025,8.74,40793300,8.74
2013-03-21,8.7391011235955,8.76842696629213,8.58269662921348,8.7,31266500,8.7
2013-03-22,8.72638436482085,9.07817589576547,8.61889250814332,9,50895900,9
2013-03-25,8.99512195121951,9.3959915164369,8.96579003181336,9.22,47652200,9.22
2013-03-26,9.12,9.21774919614148,8.95382636655948,9.12,30629400,9.12
2013-03-27,9.08575916230367,9.52539267015707,9.08575916230367,9.33,38978800,9.33
2013-03-28,9.26266375545852,9.34082969432314,8.89137554585153,8.95,46547900,8.95
2013-03-29,9.0504525862069,9.34366379310345,9.02113146551724,9.07,29042800,9.07
2013-04-01,9.04357066950053,9.24888416578108,8.86758767268863,9.2,21403800,9.2
2013-04-02,9.17519607843137,9.48787581699347,8.91137254901961,8.97,37851400,8.97
2013-04-03,9.0020993227991,9.04119638826185,8.60135440180587,8.66,34247800,8.66
2013-04-04,8.66,8.66,8.66,8.66,0,8.66
2013-04-05,8.66,8.66,8.66,8.66,0,8.66
2013-04-08,8.59423162583519,8.86799554565702,8.47690423162583,8.78,30201400,8.78
2013-04-09,8.80132450331126,9.0262472406181,8.80132450331126,8.86,27220500,8.86
2013-04-10,8.90889624724062,8.95779249448124,8.63507726269316,8.86,24076500,8.86
2013-04-11,8.89069003285871,8.98838992332968,8.84184008762322,8.92,25434100,8.92
2013-04-12,8.9646248600224,9.06238521836506,8.71044792833147,8.73,28141100,8.73
2013-04-15,8.77251448435689,8.7920741599073,8.37154113557358,8.44,29465500,8.44
2013-04-16,8.45114942528736,8.51954022988506,8.30459770114943,8.5,28833000,8.5
2013-04-17,8.50536912751678,8.74,8.48581655480984,8.74,26306400,8.74
2013-04-18,8.67156599552573,8.82798657718121,8.61290827740492,8.74,23833600,8.74
2013-04-19,8.70837284482759,9.07977370689655,8.70837284482759,9.07,51665100,9.07
2013-04-22,9.05530526315789,9.37801052631579,8.97707368421053,9.29,34610800,9.29
2013-04-23,9.27639871382637,9.31549839228296,8.95382636655948,9.12,33867600,9.12
2013-04-24,9.06974253347065,9.49977342945417,9.01110195674562,9.49,38511500,9.49
2013-04-25,9.41690200210748,9.55380400421496,9.13331928345627,9.28,39419300,9.28
2013-04-26,9.20135254988914,9.31869179600887,8.70266075388027,8.82,48291900,8.82
2013-04-29,8.82,8.82,8.82,8.82,0,8.82
2013-04-30,8.82,8.82,8.82,8.82,0,8.82
2013-05-01,8.82,8.82,8.82,8.82,0,8.82
2013-05-02,8.76277227722772,8.88976897689769,8.54785478547855,8.88,28590400,8.88
2013-05-03,8.90137404580153,9.10656488549618,8.86229007633588,8.96,24077700,8.96
2013-05-06,8.96159090909091,9.19613636363636,8.95181818181818,9.03,22008900,9.03
2013-05-07,9.05931818181818,9.46977272727273,9.02022727272727,9.46,47677600,9.46
2013-05-08,9.47908902691511,9.65498964803313,9.28364389233954,9.44,36236800,9.44
2013-05-09,9.39962151394422,9.81977091633466,9.37030876494024,9.81,53893500,9.81
2013-05-10,9.7536291913215,10.1054635108481,9.72430966469428,9.91,43124700,9.91
2013-05-13,9.8890873015873,9.9672619047619,9.72296626984127,9.85,18256700,9.85
2013-05-14,9.7741273100616,9.80344969199179,9.40271047227926,9.52,31806300,9.52
2013-05-15,9.48290946083418,9.63932858596134,9.45358087487284,9.61,18221800,9.61
2013-05-16,9.50864490603363,9.9386350148368,9.42069238377844,9.88,27794700,9.88
2013-05-17,9.92180755395684,10.87,9.9022571942446,10.87,67640400,10.87
2013-05-20,11.0095551601423,11.1268861209964,10.765115658363,10.99,46313000,10.99
2013-05-21,11.016303030303,11.5734718614719,10.7817056277056,11.29,44033100,11.29
2013-05-22,11.2160141718335,11.2844641275465,10.8248715677591,11.04,35546700,11.04
2013-05-23,10.943436123348,11.6957973568282,10.8457268722467,11.09,41381000,11.09
2013-05-24,11.1109114811569,11.3161262050833,10.9350131463628,11.15,34779900,11.15
2013-05-27,11.2279473684211,11.6774561403509,11.0715964912281,11.14,34386000,11.14
2013-05-28,11.0909551986475,11.5795435333897,10.9248351648352,11.56,31696700,11.56
2013-05-29,11.5495423728814,11.6863389830508,11.3834322033898,11.53,23485400,11.53
2013-05-30,11.4360902255639,11.9248120300752,11.4067669172932,11.7,38045400,11.7
2013-05-31,11.6370203735144,11.9594567062818,11.4806876061121,11.51,26290100,11.51
2013-06-03,11.5101497797357,11.6762555066079,10.7675594713656,11.09,43022700,11.09
2013-06-04,10.9966216216216,11.0454954954955,10.6545045045045,10.85,39164500,10.85
2013-06-05,10.8074885844749,10.9736073059361,10.563196347032,10.7,27651000,10.7
2013-06-06,10.6959851301115,10.6959851301115,10.304907063197,10.52,39286000,10.52
2013-06-07,10.4444880382775,10.591043062201,10.1122966507177,10.21,33508000,10.21
2013-06-10,10.21,10.21,10.21,10.21,0,10.21
2013-06-11,10.21,10.21,10.21,10.21,0,10.21
2013-06-12,10.21,10.21,10.21,10.21,0,10.21
2013-06-13,9.97142857142857,10.4797759103641,9.59994397759104,10.47,42345600,10.47
2013-06-14,10.4724399260628,10.6680036968577,10.315988909427,10.58,33145500,10.58
2013-06-17,10.6503816793893,10.8067175572519,10.2009160305343,10.24,40068300,10.24
2013-06-18,10.2738202247191,10.5573033707865,9.97078651685393,10.44,27130200,10.44
2013-06-19,10.2911342155009,10.545236294896,10.1934026465028,10.34,21785100,10.34
2013-06-20,10.2487462387161,10.3074222668004,9.72066198595787,9.75,49907500,9.75
2013-06-21,9.55354481369587,9.79800604229607,9.21129909365559,9.71,40825400,9.71
2013-06-24,9.56481927710843,9.57458926615553,8.79299014238773,8.92,51924700,8.92
2013-06-25,8.85259105098856,9.42908428720083,8.22724245577523,9.39,60648200,9.39
2013-06-26,9.2940866873065,9.56772961816305,9.24522187822498,9.47,32381700,9.47
2013-06-27,9.5246947368421,9.75938947368421,9.23132631578947,9.29,41894100,9.29
2013-06-28,9.15352941176471,9.61316176470588,9.03617647058824,9.31,29421300,9.31
2013-07-01,9.2810621242485,9.8183867735471,9.23221442885771,9.75,36455200,9.75
2013-07-02,9.74823017408124,10.2077756286267,9.71889748549323,10.11,36325700,10.11
2013-07-03,10.0015631067961,10.1677669902913,9.68870873786408,10.07,33075100,10.07
2013-07-04,9.94268221574344,10.3141885325559,9.72759961127308,10.06,26277500,10.06
2013-07-05,10.045900990099,10.1729405940594,9.86022772277228,9.87,17183500,9.87
2013-07-08,9.63404166666667,9.6438125,9.2334375,9.38,24497000,9.38
2013-07-09,9.32844772967265,9.44578669482576,9.01554382259768,9.26,25771000,9.26
2013-07-10,9.31817635270541,9.83967935871743,9.19026052104208,9.82,32043300,9.82
2013-07-11,9.86573217726397,10.4263969171484,9.62966281310212,10.21,54322700,10.21
2013-07-12,10.1742257742258,10.302017982018,9.83016983016983,9.84,37319800,9.84
2013-07-15,9.93166666666667,10.1283333333333,9.83333333333333,10.03,38159000,10.03
2013-07-16,10,10.0983284169125,9.85250737463127,10,30270700,10
2013-07-17,9.96457252641691,10.5547742555235,9.90555235350624,10.24,71106000,10.24
2013-07-18,10.2086796116505,10.4742233009709,10.1004951456311,10.13,35032600,10.13
2013-07-19,10.1161133200795,10.361888667992,9.83101391650099,9.89,41181900,9.89
2013-07-22,9.80588477366255,9.97308641975309,9.37312757201646,9.56,46208200,9.56
2013-07-23,9.58985507246377,10.1898357487923,9.48166183574879,10.18,51871900,10.18
2013-07-24,10.1319577735125,10.3778790786948,9.97456813819578,10.25,45054800,10.25
2013-07-25,10.3472077294686,10.5144154589372,10.1603285024155,10.18,38388600,10.18
2013-07-26,10.0898341463415,10.2570146341463,9.9718243902439,10.08,22081700,10.08
2013-07-29,9.85506172839506,9.88456790123457,9.50098765432099,9.56,41411800,9.56
2013-07-30,9.54016477857878,9.79588053553038,9.35329557157569,9.55,29005600,9.55
2013-07-31,9.60358974358975,9.73150641025641,9.20016025641026,9.21,40720200,9.21
2013-08-01,9.21,9.49535256410257,8.74753205128205,9.21,78791000,9.21
2013-08-02,9.20638949671772,9.28507658643326,8.8719693654267,8.99,63635000,8.99
2013-08-05,8.9578496868476,9.42983298538622,8.90868475991649,9.42,51528500,9.42
2013-08-06,9.38915789473684,9.47764210526316,9.17286315789474,9.34,44700500,9.34
2013-08-07,9.33527173913044,9.44347826086957,9.00081521739131,9.05,37728200,9.05
2013-08-08,9.02868131868132,9.06802197802198,8.89098901098901,8.95,41821300,8.95
2013-08-09,8.97472789115646,9.00421768707483,8.51272108843537,8.67,49286600,8.67
2013-08-12,8.68711974110032,9.12983818770226,8.67728155339806,9.12,52550700,9.12
2013-08-13,8.73856655290103,8.84681456200228,8.21700796359499,8.65,124672500,8.65
2013-08-14,8.67904109589041,8.76760273972603,8.54127853881278,8.62,74920600,8.62
2013-08-15,8.63572769953052,8.66523474178404,8.31115023474178,8.38,63466500,8.38
2013-08-16,8.32522058823529,8.68932598039216,7.98079656862745,8.03,94323200,8.03
2013-08-19,7.94919053549191,8.04757160647572,7.80161892901619,7.9,86762200,7.9
2013-08-20,7.9022276621787,8.04984088127295,7.87270501835985,8.04,62656400,8.04
2013-08-21,8.00967980295567,8.02935960591133,7.88176108374384,7.99,31905600,7.99
2013-08-22,7.9603205918619,8.10791615289766,7.93080147965475,7.98,35242900,7.98
2013-08-23,8.00571065989848,8.03521573604061,7.67131979695431,7.75,60741500,7.75
2013-08-26,7.73130982367758,7.84934508816121,7.69196473551637,7.81,43441100,7.81
2013-08-27,7.80509708737864,8.10983009708738,7.72645631067961,8.1,79515900,8.1
2013-08-28,8.03031784841076,8.15825183374083,7.97127139364303,8.05,46831700,8.05
2013-08-29,8.03102065613609,8.27676792223572,8.03102065613609,8.09,52864600,8.09
2013-08-30,8.09758663366337,8.13694306930693,7.91064356435643,7.95,44180400,7.95
2013-09-02,7.9208024691358,7.99951851851852,7.81256790123457,7.97,31719100,7.97
2013-09-03,8.01085365853659,8.08948780487805,7.94204878048781,8.06,31589500,8.06
2013-09-04,8.07758064516129,8.07758064516129,7.89064516129032,7.93,35573000,7.93
2013-09-05,7.91,7.96902985074627,7.85097014925373,7.91,23575600,7.91
2013-09-06,7.88918444165621,7.96787954830615,7.82032622333752,7.84,34355000,7.84
2013-09-09,7.83271832718327,8.12792127921279,7.7539975399754,8,48731100,8
2013-09-10,8.00220072551391,8.17915356711004,7.89406287787183,8.13,77114000,8.13
2013-09-11,8.17642939150402,8.73726750861079,8.10755453501722,8.57,145123800,8.57
2013-09-12,8.59903225806451,8.62854838709677,8.44161290322581,8.54,62065800,8.54
2013-09-13,8.55754385964912,8.57721637426901,8.35098245614035,8.41,40401000,8.41
2013-09-16,8.42917840375587,8.49802816901409,8.36032863849765,8.38,34618600,8.38
2013-09-17,8.40473300970874,8.48337378640777,8.07050970873786,8.1,39678500,8.1
2013-09-18,8.08948780487805,8.13863414634146,7.98136585365854,8.06,24761000,8.06
2013-09-20,8.06,8.06,8.06,8.06,0,8.06
2013-09-23,8.11298932384341,8.32933570581257,8.02448398576512,8.29,36759700,8.29
2013-09-24,8.2891646778043,8.40715990453461,8.1908353221957,8.24,29775700,8.24
2013-09-25,8.23616236162361,8.23616236162361,7.98031980319803,8,37382100,8
2013-09-26,7.96670886075949,7.98637974683544,7.77,7.77,32409500,7.77
2013-09-27,7.76983523447402,7.82884664131812,7.69115335868188,7.76,24726500,7.76
2013-09-30,7.78016414141414,7.88835858585859,7.73098484848485,7.79,27538800,7.79
2013-10-01,7.79,7.79,7.79,7.79,0,7.79
2013-10-02,7.79,7.79,7.79,7.79,0,7.79
2013-10-03,7.79,7.79,7.79,7.79,0,7.79
2013-10-04,7.79,7.79,7.79,7.79,0,7.79
2013-10-07,7.79,7.79,7.79,7.79,0,7.79
2013-10-08,7.79460975609756,8.06982926829268,7.79460975609756,8.06,34805500,8.06
2013-10-09,8.04968137254902,8.08904411764706,7.97095588235294,8.03,25113400,8.03
2013-10-10,8.03707133917397,8.04690863579474,7.79113892365457,7.86,32588800,7.86
2013-10-11,7.92016129032258,7.94967741935484,7.83161290322581,7.93,38173600,7.93
2013-10-14,7.92371980676329,8.14,7.87456521739131,8.14,48238100,8.14
2013-10-15,8.14880778588808,8.22744525547445,7.98170316301703,8.08,37364100,8.08
2013-10-16,8.04773631840796,8.05757462686567,7.84113184079602,7.91,26276800,7.91
2013-10-17,7.95951612903226,8.04806451612903,7.90048387096774,7.93,31315300,7.93
2013-10-18,7.90935,7.90935,7.8208125,7.87,20006800,7.87
2013-10-21,7.91096296296296,8.0191975308642,7.77320987654321,7.97,43725300,7.97
2013-10-22,7.92951432129514,8.00821917808219,7.86064757160648,7.9,37016700,7.9
2013-10-23,7.87852272727273,7.93753787878788,7.78016414141414,7.79,29935100,7.79
2013-10-24,7.80917617237009,7.81901140684411,7.72065906210393,7.76,14575000,7.76
2013-10-25,7.76492734478203,7.81413474240423,7.40079260237781,7.45,39962700,7.45
2013-10-28,7.51759679572764,7.54711615487316,7.34048064085447,7.37,25843000,7.37
2013-10-29,7.37394957983193,7.4427731092437,6.85285714285714,7.02,49792200,7.02
2013-10-30,7.05099585062241,7.11983402489627,6.97232365145228,7.11,22810800,7.11
2013-10-31,7.06983286908078,7.14849582172702,7.0108356545961,7.06,18161100,7.06
2013-11-01,7.06049930651872,7.10966712898752,6.99166435506241,7.09,15593900,7.09
2013-11-04,7.08899300699301,7.12832167832168,7.03,7.03,14494300,7.03
2013-11-05,7.03498659517426,7.38919571045576,7.0054691689008,7.34,46475100,7.34
2013-11-06,7.32853260869565,7.35804347826087,7.23016304347826,7.24,23277400,7.24
2013-11-07,7.33550706033376,7.81732991014121,7.33550706033376,7.66,78163000,7.66
2013-11-08,7.66082908163265,7.75917091836735,7.53298469387755,7.71,43962600,7.71
2013-11-11,7.62,7.66916129032258,7.38402580645161,7.62,33372900,7.62
2013-11-12,7.60915474642393,7.65830949284785,7.4911833550065,7.56,23660900,7.56
2013-11-13,7.55461224489796,7.55461224489796,7.23,7.23,35602200,7.23
2013-11-14,7.34935397039031,7.41822341857335,7.24113055181696,7.31,21979700,7.31
2013-11-15,7.31584082156611,7.71899871630295,7.26667522464698,7.66,53335800,7.66
2013-11-18,7.74065739570164,7.80950695322377,7.56361567635904,7.78,53943600,7.78
2013-11-19,7.80558645707376,8.20864570737606,7.68761789600967,8.13,93319500,8.13
2013-11-20,8.11050724637681,8.28746376811594,8.01219806763285,8.14,57232700,8.14
2013-11-21,8.06051032806804,8.18829890643985,7.94255164034022,8.09,49084000,8.09
2013-11-22,8.10948905109489,8.34540145985401,8.0701703163017,8.08,62238700,8.08
2013-11-25,7.99854477611941,8.15595771144279,7.89032338308458,7.91,41440100,7.91
2013-11-26,7.8942270531401,8.18915458937198,7.81557971014493,8.14,49565600,8.14
2013-11-27,8.0898296836983,8.18812652068126,7.96204379562044,8.08,40387400,8.08
2013-11-28,8.08250896057348,8.34799283154122,8.06284348864994,8.23,65318600,8.23
2013-11-29,8.25831325301205,8.27797590361446,8.10101204819277,8.16,35344300,8.16
2013-12-02,8.00838308457712,8.19531094527363,7.85097014925373,7.91,49182800,7.91
2013-12-03,7.90339805825243,8.13932038834951,7.88373786407767,8.1,30988600,8.1
2013-12-04,8.10217443249701,8.29882915173238,8.09234169653525,8.23,51419000,8.23
2013-12-05,8.20391608391608,8.52853146853147,8.20391608391608,8.44,72900400,8.44
2013-12-06,8.41967213114754,8.67540983606558,8.36065573770492,8.4,64889200,8.4
2013-12-09,8.41081395348837,8.61739534883721,8.3813023255814,8.46,35755900,8.46
2013-12-10,8.49239179954442,8.78760820045558,8.49239179954442,8.64,58060400,8.64
2013-12-11,8.68807118254879,8.72742824339839,8.46176808266361,8.57,43722700,8.57
2013-12-12,8.54983870967742,8.65806451612903,8.43177419354839,8.54,37149600,8.54
2013-12-13,8.45835294117647,8.54687058823529,8.33049411764706,8.36,46571400,8.36
2013-12-16,8.37435897435897,8.39401709401709,8.03034188034188,8.05,43430600,8.05
2013-12-17,8.07,8.11914738124239,8.00119366626066,8.07,21290400,8.07
2013-12-18,8.07904294478528,8.12824539877301,7.99047852760736,8.02,20074100,8.02
2013-12-19,8.05641154328733,8.08592220828105,7.84,7.84,28106800,7.84
2013-12-20,7.82490861618799,7.88389033942559,7.48084856396867,7.53,35663000,7.53
2013-12-23,7.58116966580977,7.70899742930591,7.45334190231362,7.65,20971400,7.65
2013-12-24,7.65899094437257,7.73764553686934,7.52134540750323,7.6,23968000,7.6
2013-12-25,7.60215012722646,7.75950381679389,7.57264631043257,7.73,19423900,7.73
2013-12-26,7.69676701570681,7.71642670157068,7.48051047120419,7.51,18496900,7.51
2013-12-27,7.51167958656331,7.65916020671835,7.47235142118863,7.61,22809000,7.61
2013-12-30,7.653575,7.9191875,7.574875,7.87,31007400,7.87
2013-12-31,7.8208125,8.007725,7.7421125,7.87,20450900,7.87
2014-01-01,7.87,7.87,7.87,7.87,0,7.87
2014-01-02,7.86885245901639,7.8983606557377,7.72131147540984,7.8,18020800,7.8
2014-01-03,7.74591623036649,7.7754057591623,7.51,7.51,31055400,7.51
2014-01-06,7.45453793103448,7.45453793103448,6.95297931034483,7.13,41152000,7.13
2014-01-07,7.01165975103734,7.21817427385892,7.01165975103734,7.11,18325400,7.11
2014-01-08,7.1301652892562,7.32685950413223,7.10066115702479,7.14,23018400,7.14
2014-01-09,7.13815384615385,7.21681118881119,7.0005034965035,7.03,17050300,7.03
2014-01-10,6.9903366058906,7.05915848527349,6.86252454417952,7.01,25812300,7.01
2014-01-13,6.97880512091038,7.06726884779516,6.88051209103841,6.91,14462000,6.91
2014-01-14,6.93373313343328,6.93373313343328,6.26494752623688,6.56,57629700,6.56
2014-01-15,6.49,6.52933333333333,6.42116666666667,6.49,20710300,6.49
2014-01-16,6.49066265060241,6.58900602409639,6.49066265060241,6.53,19429400,6.53
2014-01-17,6.51558359621451,6.52542586750789,6.22031545741325,6.24,34905100,6.24
2014-01-20,6.21605263157895,6.21605263157895,5.85213815789474,5.98,55315100,5.98
2014-01-21,5.98032786885246,6.01967213114754,5.93114754098361,6,32172700,6
2014-01-22,5.98516431924883,6.34879499217527,5.95568075117371,6.28,52828100,6.28
2014-01-23,6.28051401869159,6.39845794392523,6.24119937694704,6.31,29229900,6.31
2014-01-24,6.27203076923077,6.42932307692308,6.24253846153846,6.39,24158900,6.39
2014-01-27,6.32695512820513,6.35647435897436,6.12032051282051,6.14,34768500,6.14
2014-01-28,6.14157728706625,6.24984227129338,6.09236593059937,6.24,25130200,6.24
2014-01-29,6.25920760697306,6.27889064976228,6.16079239302694,6.21,20968100,6.21
2014-01-30,6.18854838709677,6.18854838709677,6.0508064516129,6.1,17660200,6.1
2014-01-31,6.1,6.1,6.1,6.1,0,6.1
2014-02-03,6.1,6.1,6.1,6.1,0,6.1
2014-02-05,6.1,6.1,6.1,6.1,0,6.1
2014-02-06,6.1,6.1,6.1,6.1,0,6.1
2014-02-07,6.06144,6.15984,5.96304,6.15,17046900,6.15
2014-02-10,6.16323529411765,6.37948916408669,6.16323529411765,6.35,34837300,6.35
2014-02-11,6.33217656012177,6.53866057838661,6.31251141552511,6.46,42551700,6.46
2014-02-12,6.49066265060241,6.53,6.38248493975904,6.53,36441100,6.53
2014-02-13,6.60662576687117,6.72460122699387,6.39033742331288,6.41,50260400,6.41
2014-02-14,6.38166919575114,6.52916540212443,6.35216995447648,6.48,31800800,6.48
2014-02-17,6.52966767371601,6.53950151057402,6.43132930513595,6.51,38880900,6.51
2014-02-18,6.50621875,6.50621875,6.2506875,6.29,51256300,6.29
2014-02-19,6.29034267912773,6.36897196261682,6.1232554517134,6.31,44836900,6.31
2014-02-20,6.38793103448276,6.47637931034483,6.25034482758621,6.27,46394700,6.27
2014-02-21,6.25824,6.27792,6.11064,6.15,39282700,6.15
2014-02-24,6.14669421487603,6.14669421487603,5.88115702479339,5.95,49388800,5.95
2014-02-25,5.946933560477,5.96659284497445,5.75034071550255,5.77,42202100,5.77
2014-02-26,5.71906086956522,5.73874782608696,5.5615652173913,5.66,42392300,5.66
2014-02-27,5.65086206896552,5.74913793103448,5.60172413793104,5.7,42509100,5.7
2014-02-28,5.71906086956522,5.72890434782609,5.52219130434783,5.66,45008900,5.66
2014-03-03,5.64254668930391,5.79983022071307,5.61305602716469,5.79,37815500,5.79
2014-03-04,5.74982876712329,5.74982876712329,5.6613698630137,5.74,27799000,5.74
2014-03-05,5.75,5.87777777777778,5.71068376068376,5.75,34498700,5.75
2014-03-06,5.74931153184165,5.74931153184165,5.61172117039587,5.71,22933900,5.71
2014-03-07,5.69136286201022,5.8584667802385,5.69136286201022,5.77,30481400,5.77
2014-03-10,5.70333333333333,5.959,5.61483333333333,5.9,55561600,5.9
2014-03-11,5.86116086235489,5.97917081260365,5.80215588723051,5.93,43351500,5.93
2014-03-12,5.93211038961039,6.15837662337662,5.9025974025974,6.06,62536500,6.06
2014-03-13,6.04967373572594,6.20706362153344,5.99065252854812,6.03,43294500,6.03
2014-03-14,6.0093410214168,6.04868204283361,5.88148270181219,5.97,31114200,5.97
2014-03-17,5.98081566068516,6.03,5.93163132137031,6.03,24864600,6.03
2014-03-18,6.02950819672131,6.06885245901639,5.94098360655738,6,22080200,6
2014-03-19,5.97747048903879,5.9873018549747,5.81033726812816,5.83,32114400,5.83
2014-03-20,5.81033726812816,6.00696458684654,5.80050590219224,5.83,29603300,5.83
2014-03-21,5.80605095541401,6.21936305732484,5.78636942675159,6.18,56321600,6.18
2014-03-24,6.18239502332815,6.36914463452566,6.18239502332815,6.32,59145600,6.32
2014-03-25,6.31793322734499,6.37697933227345,6.10143084260731,6.19,39545100,6.19
2014-03-26,6.20171606864275,6.30982839313573,6.12308892355694,6.3,32353600,6.3
2014-03-27,6.2793690851735,6.33842271293375,6.161261829653,6.24,31232600,6.24
2014-03-28,6.22952380952381,6.27873015873016,6.16063492063492,6.2,19903800,6.2
2014-03-31,6.19871382636656,6.23807073954984,6.11016077170418,6.12,17903300,6.12
2014-04-01,6.12951612903226,6.15903225806452,6.07048387096774,6.1,24474700,6.1
2014-04-02,6.12126984126984,6.2,6.1015873015873,6.2,23037100,6.2
2014-04-03,6.22673735725938,6.22673735725938,6.01032626427406,6.03,32892800,6.03
2014-04-04,5.99065252854812,6.06934747145188,5.96114192495922,6.03,16924100,6.03
2014-04-07,6.03,6.03,6.03,6.03,0,6.03
2014-04-08,6.03479750778816,6.31982866043614,6.02496884735202,6.31,63105200,6.31
2014-04-09,6.31896389324961,6.34844583987441,6.22069073783359,6.26,47028600,6.26
2014-04-10,6.28102325581395,6.39897674418605,6.19255813953488,6.34,62250800,6.34
2014-04-11,6.318738170347,6.32858044164038,6.19078864353312,6.24,44849300,6.24
2014-04-14,6.25952606635071,6.27921011058452,6.18078988941548,6.23,27172000,6.23
2014-04-15,6.22103286384977,6.28982785602504,6.18172143974961,6.28,38367900,6.28
2014-04-16,6.25856459330144,6.25856459330144,6.12079744816587,6.17,43196500,6.17
2014-04-17,6.17887278582931,6.20838969404187,6.10016103059581,6.11,24854800,6.11
2014-04-18,6.09983844911147,6.12935379644588,6.05064620355412,6.09,23171800,6.09
2014-04-21,6.05016233766234,6.14853896103896,6.00097402597402,6.06,30343900,6.06
2014-04-22,6.03934426229508,6.06885245901639,5.91147540983607,6,24488700,6
2014-04-23,5.99867109634551,6.0085049833887,5.88066445182724,5.92,23054200,5.92
2014-04-24,5.93016556291391,5.97933774834437,5.90066225165563,5.94,17330800,5.94
2014-04-25,5.90761499148211,5.946933560477,5.76017035775128,5.77,21915400,5.77
2014-04-28,5.72712765957447,5.76648936170213,5.54015957446808,5.55,28678400,5.55
2014-04-29,5.55141361256544,5.64,5.5317277486911,5.64,15983800,5.64
2014-04-30,5.63255102040816,5.82914965986395,5.59323129251701,5.78,26129900,5.78
2014-05-01,5.78,5.78,5.78,5.78,0,5.78
2014-05-02,5.78,5.78,5.78,5.78,0,5.78
2014-05-05,5.74017094017094,5.80897435897436,5.6517094017094,5.75,22377800,5.75
2014-05-06,5.74948453608247,5.78879725085911,5.71017182130584,5.72,14569000,5.72
2014-05-07,5.69948006932409,5.74861351819757,5.62086655112652,5.67,19138600,5.67
2014-05-08,5.65120274914089,5.81828178694158,5.62171821305842,5.72,19722500,5.72
2014-05-09,5.74878892733564,5.75861591695502,5.64069204152249,5.68,21078900,5.68
2014-05-12,5.73234505862647,5.90932998324958,5.70284757118928,5.87,39975300,5.87
2014-05-13,5.87,5.90932998324958,5.81100502512563,5.87,31017800,5.87
2014-05-14,5.86932546374368,5.88898819561552,5.83,5.83,16375500,5.83
2014-05-15,5.85703125,5.85703125,5.66015625,5.67,24886200,5.67
2014-05-16,5.65051903114187,5.68982698961938,5.62103806228374,5.68,14024700,5.68
2014-05-19,5.64725314183124,5.66692998204668,5.42096947935368,5.48,38852600,5.48
2014-05-20,5.50935251798561,5.54870503597122,5.45032374100719,5.47,13816700,5.47
2014-05-21,5.49064056939502,5.53983985765125,5.41192170818505,5.53,17981300,5.53
2014-05-22,5.5391935483871,5.58838709677419,5.48016129032258,5.49,16400200,5.49
2014-05-23,5.49064056939502,5.53983985765125,5.47096085409253,5.53,13437000,5.53
2014-05-26,5.58031634446397,5.62952548330404,5.5311072056239,5.6,24130900,5.6
2014-05-27,5.59920212765958,5.6188829787234,5.51063829787234,5.55,20535000,5.55
2014-05-28,5.56031746031746,5.58,5.49142857142857,5.58,24361600,5.58
2014-05-29,5.56887298747764,5.57871198568873,5.48032200357782,5.5,19052800,5.5
2014-05-30,5.50016071428571,5.54935714285714,5.47064285714286,5.51,13057200,5.51
2014-06-02,5.51,5.51,5.51,5.51,0,5.51
2014-06-03,5.52951699463327,5.54919499105546,5.49016100178891,5.5,10612000,5.5
2014-06-04,5.49852727272727,5.49852727272727,5.37065454545455,5.41,20866000,5.41
2014-06-05,5.41081081081081,5.46,5.39113513513514,5.46,11788200,5.46
2014-06-06,5.47852189781022,5.47852189781022,5.37032846715328,5.39,11991700,5.39
2014-06-09,5.38,5.43901279707495,5.37016453382084,5.38,12365600,5.38
2014-06-10,5.39032727272727,5.42967272727273,5.36081818181818,5.41,16680700,5.41
2014-06-11,5.40967153284671,5.41950729927007,5.38016423357664,5.39,19385300,5.39
2014-06-12,5.37950367647059,5.38933823529412,5.34016544117647,5.35,18597300,5.35
2014-06-13,5.35098181818182,5.43950909090909,5.34114545454545,5.41,17963900,5.41
2014-06-16,5.40016363636364,5.43950909090909,5.38049090909091,5.41,26531800,5.41
2014-06-17,5.39967093235832,5.39967093235832,5.36032906764168,5.38,16101300,5.38
2014-06-18,5.36814953271028,5.37798130841121,5.25016822429907,5.26,27832000,5.26
2014-06-19,5.22720930232558,5.26651162790698,5.04052325581395,5.07,30929400,5.07
2014-06-20,5.07017408123791,5.11930367504836,5.05052224371373,5.08,14543700,5.08
2014-06-23,5.1093786407767,5.12906796116505,5.05031067961165,5.07,16841200,5.07
2014-06-24,5.07,5.08968932038835,5.0306213592233,5.07,15578000,5.07
2014-06-25,5.06953125,5.06953125,5.01046875,5.04,13602400,5.04
2014-06-26,5.05031067961165,5.1093786407767,5.05031067961165,5.07,18557600,5.07
2014-06-27,5.07034749034749,5.11947876447876,5.03104247104247,5.09,20760500,5.09
2014-06-30,5.09051823416507,5.12982725527831,5.07086372360845,5.12,19001600,5.12
2014-07-01,5.13034351145038,5.15982824427481,5.11068702290076,5.15,16953700,5.15
2014-07-02,5.18948571428571,5.18948571428571,5.11085714285714,5.16,16355800,5.16
2014-07-03,5.19050847457627,5.22983050847458,5.15118644067797,5.22,27922400,5.22
2014-07-04,5.20948766603416,5.20948766603416,5.15051233396585,5.18,16177500,5.18
2014-07-07,5.17913793103448,5.18896551724138,5.11034482758621,5.13,16271900,5.13
2014-07-08,5.12068571428571,5.16982857142857,5.0912,5.16,17876100,5.16
2014-07-09,5.15878378378378,5.16861003861004,5.08017374517375,5.09,18398800,5.09
2014-07-10,5.08017374517375,5.13913127413127,5.08017374517375,5.09,16121300,5.09
2014-07-11,5.10034548944338,5.14948176583493,5.06103646833014,5.12,26248400,5.12
2014-07-14,5.12300556586271,5.33933209647495,5.11317254174397,5.3,56458400,5.3
2014-07-15,5.29016697588126,5.32949907235622,5.25083487940631,5.3,34582200,5.3
2014-07-16,5.30115384615385,5.38967032967033,5.30115384615385,5.37,40501700,5.37
2014-07-17,5.37,5.37,5.28,5.31,20169000,5.31
2014-07-18,5.28,5.38,5.26,5.32,20215300,5.32
2014-07-21,5.32,5.36,5.3,5.34,16771400,5.34
2014-07-22,5.32,5.4,5.31,5.39,32078600,5.39
2014-07-23,5.39,5.66,5.38,5.57,79327200,5.57
2014-07-24,5.61,5.8,5.55,5.72,100574600,5.72
2014-07-25,5.68,5.78,5.63,5.74,52016500,5.74
2014-07-28,5.77,5.87,5.73,5.8,69079000,5.8
2014-07-29,5.8,5.82,5.73,5.78,45559300,5.78
2014-07-30,5.77,5.77,5.67,5.69,43142200,5.69
2014-07-31,5.7,5.94,5.67,5.92,67370500,5.92
2014-08-01,5.89,5.97,5.82,5.84,63219200,5.84
2014-08-04,5.84,5.94,5.82,5.92,36133100,5.92
2014-08-05,5.92,5.99,5.88,5.95,41981100,5.95
2014-08-06,5.95,5.95,5.84,5.89,37212400,5.89
2014-08-07,5.88,5.91,5.75,5.76,42338000,5.76
2014-08-08,5.75,5.87,5.75,5.84,28616400,5.84
2014-08-11,5.88,5.91,5.84,5.89,29411200,5.89
2014-08-12,5.88,5.89,5.82,5.85,23594800,5.85
2014-08-13,5.85,5.98,5.82,5.94,54074800,5.94
2014-08-14,5.92,5.95,5.84,5.85,29516900,5.85
2014-08-15,5.83,5.91,5.82,5.88,27425300,5.88
2014-08-18,5.89,5.92,5.84,5.91,32828700,5.91
2014-08-19,5.91,5.93,5.85,5.9,31088700,5.9
2014-08-20,5.9,6.09,5.87,6.05,61791300,6.05
2014-08-21,6.02,6.04,5.89,5.95,42809000,5.95
2014-08-22,5.97,6.05,5.94,5.99,34472800,5.99
2014-08-25,6.02,6.04,5.85,5.86,36143800,5.86
2014-08-26,5.85,5.87,5.65,5.69,42394100,5.69
2014-08-27,5.69,5.73,5.69,5.72,16908600,5.72
2014-08-28,5.72,5.75,5.63,5.65,19628300,5.65
2014-08-29,5.68,5.73,5.62,5.72,15942700,5.72
2014-09-01,5.73,5.77,5.68,5.76,26193100,5.76
2014-09-02,5.77,5.87,5.74,5.86,37785600,5.86
2014-09-03,5.86,5.93,5.86,5.89,38831200,5.89
2014-09-04,5.91,5.97,5.88,5.96,46052200,5.96
2014-09-05,5.96,6.08,5.93,6.06,65190700,6.06
2014-09-08,6.06,6.06,6.06,6.06,0,6.06
2014-09-09,6.04,6.09,6.01,6.01,48789800,6.01
2014-09-10,6,6.03,5.94,6.02,40520800,6.02
2014-09-11,6.03,6.32,5.99,6.18,98941600,6.18
2014-09-12,6.17,6.31,6.13,6.27,78391600,6.27
2014-09-15,6.24,6.31,6.19,6.23,55719400,6.23
2014-09-16,6.23,6.39,6.05,6.09,118832600,6.09
2014-09-17,6.11,6.17,6,6.11,58843700,6.11
2014-09-18,6.1,6.13,6.04,6.08,39686500,6.08
2014-09-19,6.08,6.15,6.04,6.12,45805600,6.12
2014-09-22,6.08,6.08,5.96,5.99,38403600,5.99
2014-09-23,5.99,6.04,5.97,6.01,29070200,6.01
2014-09-24,6,6.19,5.98,6.18,71560500,6.18
2014-09-25,6.18,6.31,6.11,6.14,73039900,6.14
2014-09-26,6.11,6.51,6.1,6.46,160414800,6.46
2014-09-29,6.48,6.48,6.36,6.43,82956600,6.43
2014-09-30,6.41,6.56,6.39,6.52,85641200,6.52
2014-10-01,6.52,6.52,6.52,6.52,0,6.52
2014-10-02,6.52,6.52,6.52,6.52,0,6.52
